boatName,deviceID,GPSlat,GPSlong,GPShour,GPSmin,GPSsec,GPSms,tempC,conduS,pH,turbNTU,date,time
dolphin,444,0.0000000,0.0000000,0,0,0,0,270.94,-15637.44,-53.28,100.00, 2019-10-16 , 17:44:14.322871 
 dolphin,444,0.0000000,0.0000000,0,0,0,0,20.00,357.73,-53.28,102.00, 2019-10-16 , 17:44:15.437687 
 dolphin,444,0.0000000,0.0000000,0,0,0,0,20.00,357.73,-53.28,102.00, 2019-10-16 , 17:44:16.547218 
 dolphin,444,0.0000000,0.0000000,0,0,0,0,20.00,357.73,-53.28,105.00, 2019-10-16 , 17:44:17.644720 
 dolphin,444,0.0000000,0.0000000,0,0,0,0,20.00,357.73,-53.28,105.00, 2019-10-16 , 17:44:18.740391 
 dolphin,444,0.0000000,0.0000000,0,0,0,0,20.00,357.73,-53.28,105.00, 2019-10-16 , 17:44:19.836593 
 dolphin,444,0.0000000,0.0000000,0,0,0,0,20.00,357.73,-53.28,105.00, 2019-10-16 , 17:44:20.932645 
 dolphin,444,0.0000000,0.0000000,0,0,0,0,20.00,357.73,-53.28,105.00, 2019-10-16 , 17:44:22.030224 
 dolphin,444,0.0000000,0.0000000,0,0,0,0,20.00,357.73,-53.28,105.00, 2019-10-16 , 17:44:23.124149 
 dolphin,444,0.0000000,0.0000000,0,0,0,0,20.00,449.13,-53.28,104.00, 2019-10-16 , 17:44:24.220164 
 dolphin,444,0.0000000,0.0000000,0,0,0,0,20.00,266.33,-53.28,105.00, 2019-10-16 , 17:44:25.311837 
 dolphin,444,0.0000000,0.0000000,0,0,0,0,20.00,266.33,-53.28,106.00, 2019-10-16 , 17:44:26.401525 
 dolphin,444,0.0000000,0.0000000,0,0,0,0,20.00,174.93,-53.28,106.00, 2019-10-16 , 17:44:27.491334 
 dolphin,444,0.0000000,0.0000000,0,0,0,0,20.00,266.33,-53.28,105.00, 2019-10-16 , 17:44:28.581470 
 dolphin,444,0.0000000,0.0000000,0,0,0,0,20.00,266.33,-53.28,105.00, 2019-10-16 , 17:44:29.678591 
 dolphin,444,0.0000000,0.0000000,0,0,0,0,20.00,266.33,-53.28,103.00, 2019-10-16 , 17:44:30.784297 
 dolphin,444,0.0000000,0.0000000,0,0,0,0,20.00,357.73,-53.28,103.00, 2019-10-16 , 17:44:31.891552 
 dolphin,444,0.0000000,0.0000000,0,0,0,0,20.00,357.73,-53.28,103.00, 2019-10-16 , 17:44:33.000306 
 dolphin,444,0.0000000,0.0000000,0,0,0,0,20.00,357.73,-53.28,103.00, 2019-10-16 , 17:44:34.109570 
 dolphin,444,0.0000000,0.0000000,0,0,0,0,20.00,449.13,-53.28,103.00, 2019-10-16 , 17:44:35.218312 
 dolphin,444,0.0000000,0.0000000,21,43,51,187,20.00,357.73,-53.28,103.00, 2019-10-16 , 17:44:36.324477 
 dolphin,444,0.0000000,0.0000000,21,43,51,187,20.00,357.73,-53.28,103.00, 2019-10-16 , 17:44:37.430445 
 dolphin,444,0.0000000,0.0000000,21,43,51,187,20.00,357.73,-53.28,103.00, 2019-10-16 , 17:44:38.537952 
 dolphin,444,0.0000000,0.0000000,21,43,51,187,20.00,357.73,-53.28,103.00, 2019-10-16 , 17:44:39.646313 
 dolphin,444,0.0000000,0.0000000,21,43,51,187,20.50,357.73,-53.28,104.00, 2019-10-16 , 17:44:40.753400 
 dolphin,444,0.0000000,0.0000000,21,43,51,187,20.00,266.33,-53.28,103.00, 2019-10-16 , 17:44:41.862255 
 dolphin,444,0.0000000,0.0000000,21,43,51,187,20.00,449.13,-53.28,102.00, 2019-10-16 , 17:44:42.977341 
 dolphin,444,0.0000000,0.0000000,21,43,51,187,20.00,357.73,-53.28,102.00, 2019-10-16 , 17:44:44.091637 
 dolphin,444,0.0000000,0.0000000,21,43,51,187,20.00,357.73,-53.28,101.00, 2019-10-16 , 17:44:45.206438 
 dolphin,444,0.0000000,0.0000000,21,43,51,187,20.00,540.53,-53.28,102.00, 2019-10-16 , 17:44:46.322213 
 dolphin,444,0.0000000,0.0000000,21,43,51,187,20.00,449.13,-53.28,102.00, 2019-10-16 , 17:44:47.434458 
 dolphin,444,0.0000000,0.0000000,21,43,51,187,20.00,449.13,-53.28,102.00, 2019-10-16 , 17:44:48.545943 
 dolphin,444,0.0000000,0.0000000,21,43,51,187,20.00,357.73,-53.28,102.00, 2019-10-16 , 17:44:49.657320 
 dolphin,444,0.0000000,0.0000000,21,43,51,187,20.00,357.73,-53.28,102.00, 2019-10-16 , 17:44:50.768095 
 dolphin,444,0.0000000,0.0000000,21,43,51,187,20.00,357.73,-53.28,101.00, 2019-10-16 , 17:44:51.880583 
 dolphin,444,0.0000000,0.0000000,21,43,51,187,20.00,449.13,-53.28,102.00, 2019-10-16 , 17:44:52.995773 
 dolphin,444,0.0000000,0.0000000,21,43,51,187,20.00,449.13,-53.28,102.00, 2019-10-16 , 17:44:54.110475 
 dolphin,444,0.0000000,0.0000000,21,43,51,187,20.00,357.73,-53.28,102.00, 2019-10-16 , 17:44:55.225006 
 dolphin,444,0.0000000,0.0000000,21,43,51,187,20.00,449.13,-53.28,101.00, 2019-10-16 , 17:44:56.339784 
 dolphin,444,0.0000000,0.0000000,21,43,51,187,20.00,357.73,-53.28,101.00, 2019-10-16 , 17:44:57.459445 
 dolphin,444,0.0000000,0.0000000,21,43,51,187,20.00,357.73,-53.28,101.00, 2019-10-16 , 17:44:58.578119 
 dolphin,444,0.0000000,0.0000000,21,43,51,187,20.00,449.13,-53.28,101.00, 2019-10-16 , 17:44:59.694260 
 dolphin,444,0.0000000,0.0000000,21,43,51,187,20.00,449.13,-53.28,101.00, 2019-10-16 , 17:45:00.810583 
 dolphin,444,0.0000000,0.0000000,21,43,51,187,20.00,357.73,-53.28,101.00, 2019-10-16 , 17:45:01.927947 
 dolphin,444,0.0000000,0.0000000,21,43,51,187,20.00,449.13,-53.28,94.00, 2019-10-16 , 17:45:03.055902 
 dolphin,444,0.0000000,0.0000000,21,43,51,187,20.00,357.73,-53.28,100.00, 2019-10-16 , 17:45:04.180796 
 dolphin,444,0.0000000,0.0000000,21,43,51,187,20.00,449.13,-53.28,100.00, 2019-10-16 , 17:45:05.303168 
 dolphin,444,0.0000000,0.0000000,21,43,51,187,20.00,357.73,-53.28,100.00, 2019-10-16 , 17:45:06.428567 
 dolphin,444,0.0000000,0.0000000,21,43,51,187,20.00,357.73,-53.28,101.00, 2019-10-16 , 17:45:07.554180 
 dolphin,444,0.0000000,0.0000000,21,43,51,187,20.00,357.73,-53.28,100.00, 2019-10-16 , 17:45:08.679116 
 dolphin,444,0.0000000,0.0000000,21,43,51,187,20.00,449.13,-53.28,100.00, 2019-10-16 , 17:45:09.803793 
 dolphin,444,0.0000000,0.0000000,21,43,51,187,20.00,357.73,-53.28,100.00, 2019-10-16 , 17:45:10.927759 
 dolphin,444,0.0000000,0.0000000,21,43,51,187,20.00,357.73,-53.28,100.00, 2019-10-16 , 17:45:12.052750 
 dolphin,444,0.0000000,0.0000000,21,43,51,187,20.00,449.13,-53.28,102.00, 2019-10-16 , 17:45:13.166871 
 dolphin,444,0.0000000,0.0000000,21,43,51,187,20.00,357.73,-53.28,101.00, 2019-10-16 , 17:45:14.282546 
 dolphin,444,0.0000000,0.0000000,21,43,51,187,20.00,449.13,-53.28,103.00, 2019-10-16 , 17:45:15.397343 
 dolphin,444,0.0000000,0.0000000,21,43,51,187,20.00,540.53,-53.28,105.00, 2019-10-16 , 17:45:16.503350 
 dolphin,444,0.0000000,0.0000000,21,43,51,187,20.00,449.13,-53.28,102.00, 2019-10-16 , 17:45:17.613922 
 dolphin,444,0.0000000,0.0000000,21,43,51,187,20.00,449.13,-53.28,101.00, 2019-10-16 , 17:45:18.728163 
 dolphin,444,0.0000000,0.0000000,21,43,51,187,20.00,357.73,-53.28,100.00, 2019-10-16 , 17:45:19.847901 
 dolphin,444,0.0000000,0.0000000,21,43,51,187,20.00,449.13,-53.28,100.00, 2019-10-16 , 17:45:20.968674 
 dolphin,444,0.0000000,0.0000000,21,43,51,187,20.00,449.13,-53.28,100.00, 2019-10-16 , 17:45:22.089994 
 dolphin,444,0.0000000,0.0000000,21,43,51,187,20.50,449.13,-53.28,100.00, 2019-10-16 , 17:45:23.214158 
 dolphin,444,0.0000000,0.0000000,21,43,51,187,20.00,449.13,-53.28,100.00, 2019-10-16 , 17:45:24.340409 
 dolphin,444,0.0000000,0.0000000,21,43,51,187,20.50,449.13,-53.28,100.00, 2019-10-16 , 17:45:25.461323 
 dolphin,444,0.0000000,0.0000000,21,43,51,187,20.00,449.13,-53.28,100.00, 2019-10-16 , 17:45:26.584346 
 dolphin,444,0.0000000,0.0000000,21,43,51,187,20.00,449.13,-53.28,101.00, 2019-10-16 , 17:45:27.709335 
 dolphin,444,0.0000000,0.0000000,21,43,51,187,20.00,357.73,-53.28,100.00, 2019-10-16 , 17:45:28.835654 
 dolphin,444,0.0000000,0.0000000,21,43,51,187,20.00,266.33,-53.28,99.00, 2019-10-16 , 17:45:29.840317 
 dolphin,444,0.0000000,0.0000000,21,43,51,187,20.00,357.73,-53.28,100.00, 2019-10-16 , 17:45:30.843546 
 dolphin,444,0.0000000,0.0000000,21,43,51,187,20.00,357.73,5.03,100.00, 2019-10-16 , 17:45:31.845369 
 dolphin,444,0.0000000,0.0000000,21,43,51,187,20.00,266.33,5.01,100.00, 2019-10-16 , 17:45:32.847364 
 dolphin,444,0.0000000,0.0000000,21,43,51,187,20.00,357.73,4.99,99.00, 2019-10-16 , 17:45:33.851611 
 dolphin,444,0.0000000,0.0000000,21,43,51,187,20.00,266.33,4.99,100.00, 2019-10-16 , 17:45:34.852794 
 dolphin,444,0.0000000,0.0000000,21,43,51,187,20.00,357.73,4.98,98.00, 2019-10-16 , 17:45:35.873067 
 dolphin,444,0.0000000,0.0000000,21,43,51,187,20.00,266.33,4.99,100.00, 2019-10-16 , 17:45:36.874998 
 dolphin,444,0.0000000,0.0000000,21,43,51,187,20.00,357.73,4.98,99.00, 2019-10-16 , 17:45:37.875731 
 dolphin,444,0.0000000,0.0000000,21,43,51,187,20.00,266.33,4.94,100.00, 2019-10-16 , 17:45:38.878485 
 dolphin,444,0.0000000,0.0000000,21,43,51,187,20.00,357.73,4.95,100.00, 2019-10-16 , 17:45:40.006539 
 dolphin,444,0.0000000,0.0000000,21,43,51,187,20.00,266.33,4.95,100.00, 2019-10-16 , 17:45:41.006980 
 dolphin,444,0.0000000,0.0000000,21,43,51,187,20.00,357.73,4.95,101.00, 2019-10-16 , 17:45:42.132156 
 dolphin,444,0.0000000,0.0000000,21,43,51,187,20.00,357.73,4.94,103.00, 2019-10-16 , 17:45:43.245786 
 dolphin,444,0.0000000,0.0000000,21,43,51,187,20.00,357.73,4.93,104.00, 2019-10-16 , 17:45:44.354478 
 dolphin,444,0.0000000,0.0000000,21,43,51,187,20.00,357.73,4.93,104.00, 2019-10-16 , 17:45:45.465498 
 dolphin,444,0.0000000,0.0000000,21,43,51,187,20.00,174.93,4.93,103.00, 2019-10-16 , 17:45:46.573405 
 dolphin,444,0.0000000,0.0000000,21,43,51,187,20.00,357.73,4.93,103.00, 2019-10-16 , 17:45:47.680654 
 dolphin,444,0.0000000,0.0000000,21,43,51,187,20.00,266.33,4.93,103.00, 2019-10-16 , 17:45:48.787489 
 dolphin,444,0.0000000,0.0000000,21,43,51,187,20.00,266.33,4.92,103.00, 2019-10-16 , 17:45:49.894352 
 dolphin,444,0.0000000,0.0000000,21,43,51,187,20.00,357.73,4.92,103.00, 2019-10-16 , 17:45:51.001546 
 dolphin,444,0.0000000,0.0000000,21,43,51,187,20.00,357.73,4.92,103.00, 2019-10-16 , 17:45:52.108120 
 dolphin,444,0.0000000,0.0000000,21,43,51,187,20.00,266.33,4.92,103.00, 2019-10-16 , 17:45:53.214681 
 dolphin,444,0.0000000,0.0000000,21,43,51,187,20.00,266.33,4.91,103.00, 2019-10-16 , 17:45:54.321710 
 dolphin,444,0.0000000,0.0000000,21,43,51,187,20.00,266.33,4.91,104.00, 2019-10-16 , 17:45:55.428473 
 dolphin,444,0.0000000,0.0000000,21,43,51,187,20.00,357.73,4.91,102.00, 2019-10-16 , 17:45:56.539444 
 dolphin,444,0.0000000,0.0000000,21,43,51,187,20.00,357.73,4.91,102.00, 2019-10-16 , 17:45:57.652873 
 dolphin,444,0.0000000,0.0000000,21,43,51,187,20.00,357.73,4.90,102.00, 2019-10-16 , 17:45:58.766039 
 dolphin,444,0.0000000,0.0000000,21,43,51,187,20.00,357.73,4.91,103.00, 2019-10-16 , 17:45:59.876607 
 dolphin,444,0.0000000,0.0000000,21,43,51,187,20.00,357.73,4.87,103.00, 2019-10-16 , 17:46:00.984674 
 dolphin,444,0.0000000,0.0000000,21,43,51,187,20.50,357.73,4.85,103.00, 2019-10-16 , 17:46:02.093891 
 dolphin,444,0.0000000,0.0000000,21,43,51,187,20.00,357.73,4.89,102.00, 2019-10-16 , 17:46:03.207594 
 dolphin,444,0.0000000,0.0000000,21,43,51,187,20.00,266.33,4.94,101.00, 2019-10-16 , 17:46:04.324416 
 dolphin,444,0.0000000,0.0000000,21,43,51,187,20.00,357.73,4.92,103.00, 2019-10-16 , 17:46:05.442564 
 dolphin,444,0.0000000,0.0000000,21,43,51,187,20.00,357.73,4.91,102.00, 2019-10-16 , 17:46:06.558044 
 dolphin,444,0.0000000,0.0000000,21,43,51,187,20.00,266.33,4.89,102.00, 2019-10-16 , 17:46:07.672400 
 dolphin,444,0.0000000,0.0000000,21,43,51,187,20.00,266.33,4.90,103.00, 2019-10-16 , 17:46:08.783826 
 dolphin,444,0.0000000,0.0000000,21,43,51,187,20.50,357.73,4.89,103.00, 2019-10-16 , 17:46:09.893755 
 dolphin,444,0.0000000,0.0000000,21,43,51,187,20.00,266.33,4.87,103.00, 2019-10-16 , 17:46:11.003674 
 dolphin,444,0.0000000,0.0000000,21,43,51,187,20.50,266.33,4.90,103.00, 2019-10-16 , 17:46:12.113628 
 dolphin,444,0.0000000,0.0000000,21,43,51,187,20.00,266.33,4.89,103.00, 2019-10-16 , 17:46:13.223651 
 dolphin,444,0.0000000,0.0000000,21,43,51,187,20.00,357.73,4.89,104.00, 2019-10-16 , 17:46:14.331201 
 dolphin,444,0.0000000,0.0000000,21,43,51,187,20.00,357.73,4.89,105.00, 2019-10-16 , 17:46:15.435943 
 dolphin,444,0.0000000,0.0000000,21,43,51,187,20.00,266.33,4.91,103.00, 2019-10-16 , 17:46:16.543452 
 dolphin,444,0.0000000,0.0000000,21,43,51,187,20.50,357.73,4.91,105.00, 2019-10-16 , 17:46:17.635918 
 dolphin,444,0.0000000,0.0000000,21,43,51,187,20.00,357.73,4.91,107.00, 2019-10-16 , 17:46:18.725095 
 dolphin,444,0.0000000,0.0000000,21,43,51,187,20.00,449.13,4.96,101.00, 2019-10-16 , 17:46:19.841232 
 dolphin,444,0.0000000,0.0000000,21,43,51,187,20.00,357.73,6.24,100.00, 2019-10-16 , 17:46:20.966096 
 dolphin,444,0.0000000,0.0000000,21,43,51,187,20.00,540.53,6.73,100.00, 2019-10-16 , 17:46:22.091798 
 dolphin,444,0.0000000,0.0000000,21,43,51,187,20.00,449.13,6.81,100.00, 2019-10-16 , 17:46:23.217967 
 dolphin,444,0.0000000,0.0000000,21,43,51,187,20.00,540.53,6.85,100.00, 2019-10-16 , 17:46:24.219127 
 dolphin,444,0.0000000,0.0000000,21,43,51,187,20.00,540.53,6.87,100.00, 2019-10-16 , 17:46:25.220469 
 dolphin,444,0.0000000,0.0000000,21,43,51,187,20.00,540.53,6.88,100.00, 2019-10-16 , 17:46:26.221784 
 dolphin,444,0.0000000,0.0000000,21,43,51,187,20.00,449.13,6.89,100.00, 2019-10-16 , 17:46:27.223275 
 dolphin,444,0.0000000,0.0000000,21,43,51,187,20.00,540.53,6.89,100.00, 2019-10-16 , 17:46:28.224962 
 dolphin,444,0.0000000,0.0000000,21,43,51,187,20.00,540.53,6.90,100.00, 2019-10-16 , 17:46:29.226600 
 dolphin,444,0.0000000,0.0000000,21,43,51,187,20.50,540.53,6.90,100.00, 2019-10-16 , 17:46:30.228381 
 dolphin,444,0.0000000,0.0000000,21,43,51,187,20.50,540.53,6.91,100.00, 2019-10-16 , 17:46:31.230735 
 dolphin,444,0.0000000,0.0000000,21,43,51,187,20.00,540.53,6.92,100.00, 2019-10-16 , 17:46:32.232570 
 dolphin,444,0.0000000,0.0000000,21,43,51,187,20.00,449.13,6.93,100.00, 2019-10-16 , 17:46:33.234392 
 dolphin,444,0.0000000,0.0000000,21,43,51,187,20.00,540.53,6.93,99.00, 2019-10-16 , 17:46:34.244643 
 dolphin,444,0.0000000,0.0000000,21,43,51,187,20.00,540.53,6.94,100.00, 2019-10-16 , 17:46:35.245256 
 dolphin,444,0.0000000,0.0000000,21,43,51,187,20.00,540.53,6.94,100.00, 2019-10-16 , 17:46:36.371532 
 dolphin,444,0.0000000,0.0000000,21,43,51,187,20.00,540.53,6.94,101.00, 2019-10-16 , 17:46:37.495500 
 dolphin,444,0.0000000,0.0000000,21,43,51,187,20.00,540.53,6.95,101.00, 2019-10-16 , 17:46:38.619061 
 dolphin,444,0.0000000,0.0000000,21,43,51,187,20.50,540.53,6.95,101.00, 2019-10-16 , 17:46:39.742889 
 dolphin,444,0.0000000,0.0000000,21,43,51,187,20.00,540.53,6.95,101.00, 2019-10-16 , 17:46:40.867156 
 dolphin,444,0.0000000,0.0000000,21,43,51,187,20.00,449.13,6.95,100.00, 2019-10-16 , 17:46:41.991659 
 dolphin,444,0.0000000,0.0000000,21,43,51,187,20.50,540.53,6.95,100.00, 2019-10-16 , 17:46:42.995251 
 dolphin,444,0.0000000,0.0000000,21,43,51,187,20.00,449.13,6.96,100.00, 2019-10-16 , 17:46:43.998754 
 dolphin,444,0.0000000,0.0000000,21,43,51,187,20.00,540.53,6.96,100.00, 2019-10-16 , 17:46:45.002869 
 dolphin,444,0.0000000,0.0000000,21,43,51,187,20.00,540.53,6.96,100.00, 2019-10-16 , 17:46:46.006015 
 dolphin,444,0.0000000,0.0000000,21,43,51,187,20.00,631.93,6.96,100.00, 2019-10-16 , 17:46:47.010369 
 dolphin,444,0.0000000,0.0000000,21,43,51,187,20.00,540.53,6.96,100.00, 2019-10-16 , 17:46:48.014657 
 dolphin,444,0.0000000,0.0000000,21,43,51,187,20.50,540.53,6.97,100.00, 2019-10-16 , 17:46:49.019029 
 dolphin,444,0.0000000,0.0000000,21,43,51,187,20.00,540.53,6.97,100.00, 2019-10-16 , 17:46:50.023581 
 dolphin,444,0.0000000,0.0000000,21,43,51,187,20.50,540.53,6.97,99.00, 2019-10-16 , 17:46:51.027830 
 dolphin,444,0.0000000,0.0000000,21,43,51,187,20.00,540.53,6.97,99.00, 2019-10-16 , 17:46:52.032275 
 dolphin,444,0.0000000,0.0000000,21,43,51,187,20.00,540.53,6.97,100.00, 2019-10-16 , 17:46:53.036466 
 dolphin,444,0.0000000,0.0000000,21,43,51,187,20.50,540.53,6.97,100.00, 2019-10-16 , 17:46:54.040803 
 dolphin,444,0.0000000,0.0000000,21,43,51,187,20.50,540.53,6.97,99.00, 2019-10-16 , 17:46:55.045163 
 dolphin,444,0.0000000,0.0000000,21,43,51,187,20.00,540.53,6.98,99.00, 2019-10-16 , 17:46:56.049651 
 dolphin,444,0.0000000,0.0000000,21,43,51,187,20.00,540.53,6.98,100.00, 2019-10-16 , 17:46:57.054102 
 dolphin,444,0.0000000,0.0000000,21,43,51,187,20.00,449.13,6.98,100.00, 2019-10-16 , 17:46:58.057798 
 dolphin,444,0.0000000,0.0000000,21,43,51,187,20.50,540.53,6.98,100.00, 2019-10-16 , 17:46:59.061137 
 dolphin,444,0.0000000,0.0000000,21,43,51,187,20.50,540.53,6.98,100.00, 2019-10-16 , 17:47:00.064695 
 dolphin,444,0.0000000,0.0000000,21,43,51,187,20.50,631.93,6.98,100.00, 2019-10-16 , 17:47:01.068417 
 dolphin,444,0.0000000,0.0000000,21,43,51,187,20.00,631.93,6.98,100.00, 2019-10-16 , 17:47:02.072099 
 dolphin,444,0.0000000,0.0000000,21,43,51,187,20.00,540.53,6.98,100.00, 2019-10-16 , 17:47:03.075915 
 dolphin,444,0.0000000,0.0000000,21,43,51,187,20.50,449.13,6.98,100.00, 2019-10-16 , 17:47:04.079568 
 dolphin,444,0.0000000,0.0000000,21,43,51,187,20.00,540.53,6.98,100.00, 2019-10-16 , 17:47:05.083248 
 dolphin,444,0.0000000,0.0000000,21,43,51,187,20.00,449.13,6.98,100.00, 2019-10-16 , 17:47:06.086903 
 dolphin,444,0.0000000,0.0000000,21,43,51,187,20.00,449.13,6.98,100.00, 2019-10-16 , 17:47:07.090628 
 dolphin,444,0.0000000,0.0000000,21,43,51,187,20.00,449.13,6.99,100.00, 2019-10-16 , 17:47:08.094417 
 dolphin,444,0.0000000,0.0000000,21,43,51,187,20.00,449.13,6.99,100.00, 2019-10-16 , 17:47:09.097875 
 dolphin,444,0.0000000,0.0000000,21,43,51,187,20.00,449.13,6.99,100.00, 2019-10-16 , 17:47:10.101515 
 dolphin,444,0.0000000,0.0000000,21,43,51,187,20.00,449.13,6.99,100.00, 2019-10-16 , 17:47:11.105222 
 dolphin,444,0.0000000,0.0000000,21,43,51,187,20.00,449.13,6.99,99.00, 2019-10-16 , 17:47:12.110138 
 dolphin,444,0.0000000,0.0000000,21,43,51,187,20.00,631.93,6.99,100.00, 2019-10-16 , 17:47:13.113539 
 dolphin,444,0.0000000,0.0000000,21,43,51,187,20.00,540.53,7.00,100.00, 2019-10-16 , 17:47:14.239118 
 dolphin,444,0.0000000,0.0000000,21,43,51,187,20.50,449.13,6.99,100.00, 2019-10-16 , 17:47:15.245300 
 dolphin,444,0.0000000,0.0000000,21,43,51,187,20.00,449.13,6.99,101.00, 2019-10-16 , 17:47:16.366017 
 dolphin,444,0.0000000,0.0000000,21,43,51,187,20.00,540.53,6.99,102.00, 2019-10-16 , 17:47:17.487320 
 dolphin,444,0.0000000,0.0000000,21,43,51,187,20.00,449.13,6.99,101.00, 2019-10-16 , 17:47:18.607854 
 dolphin,444,0.0000000,0.0000000,21,43,51,187,20.00,449.13,7.00,101.00, 2019-10-16 , 17:47:19.726639 
 dolphin,444,0.0000000,0.0000000,21,43,51,187,20.00,357.73,7.00,101.00, 2019-10-16 , 17:47:20.845467 
 dolphin,444,0.0000000,0.0000000,21,43,51,187,20.00,540.53,7.00,101.00, 2019-10-16 , 17:47:21.964474 
 dolphin,444,0.0000000,0.0000000,21,43,51,187,20.00,540.53,6.99,100.00, 2019-10-16 , 17:47:23.090243 
 dolphin,444,0.0000000,0.0000000,21,43,51,187,20.00,357.73,7.00,99.00, 2019-10-16 , 17:47:24.095104 
 dolphin,444,0.0000000,0.0000000,21,43,51,187,20.00,540.53,6.99,99.00, 2019-10-16 , 17:47:25.100319 
 dolphin,444,0.0000000,0.0000000,21,43,51,187,20.00,540.53,7.00,99.00, 2019-10-16 , 17:47:26.105002 
 dolphin,444,0.0000000,0.0000000,21,43,51,187,20.00,449.13,6.99,99.00, 2019-10-16 , 17:47:27.110131 
 dolphin,444,0.0000000,0.0000000,21,43,51,187,20.00,449.13,6.99,99.00, 2019-10-16 , 17:47:28.115183 
 dolphin,444,0.0000000,0.0000000,21,43,51,187,20.00,449.13,7.00,99.00, 2019-10-16 , 17:47:29.120119 
 dolphin,444,0.0000000,0.0000000,21,43,51,187,20.00,540.53,7.00,99.00, 2019-10-16 , 17:47:30.124961 
 dolphin,444,0.0000000,0.0000000,21,43,51,187,20.50,540.53,6.99,100.00, 2019-10-16 , 17:47:31.130406 
 dolphin,444,0.0000000,0.0000000,21,43,51,187,20.00,449.13,6.99,100.00, 2019-10-16 , 17:47:32.132765 
 dolphin,444,0.0000000,0.0000000,21,43,51,187,20.00,540.53,6.99,100.00, 2019-10-16 , 17:47:33.134021 
 dolphin,444,0.0000000,0.0000000,21,43,51,187,20.50,449.13,6.99,100.00, 2019-10-16 , 17:47:34.135731 
 dolphin,444,0.0000000,0.0000000,21,43,51,187,20.00,449.13,7.00,100.00, 2019-10-16 , 17:47:35.136347 
 dolphin,444,0.0000000,0.0000000,21,43,51,187,20.00,540.53,6.99,100.00, 2019-10-16 , 17:47:36.137508 
 dolphin,444,0.0000000,0.0000000,21,43,51,187,20.00,449.13,6.99,100.00, 2019-10-16 , 17:47:37.264169 
 dolphin,444,0.0000000,0.0000000,21,43,51,187,20.00,449.13,7.00,100.00, 2019-10-16 , 17:47:38.390284 
 dolphin,444,0.0000000,0.0000000,21,43,51,187,20.00,540.53,7.00,101.00, 2019-10-16 , 17:47:39.515936 
 dolphin,444,0.0000000,0.0000000,21,43,51,187,20.50,449.13,7.00,100.00, 2019-10-16 , 17:47:40.641692 
 dolphin,444,0.0000000,0.0000000,21,43,51,187,20.00,540.53,7.00,100.00, 2019-10-16 , 17:47:41.767743 
 dolphin,444,0.0000000,0.0000000,21,43,51,187,20.00,449.13,7.00,100.00, 2019-10-16 , 17:47:42.893122 
 dolphin,444,0.0000000,0.0000000,21,43,51,187,20.00,540.53,7.00,100.00, 2019-10-16 , 17:47:44.018689 
 dolphin,444,0.0000000,0.0000000,21,43,51,187,20.00,449.13,7.00,100.00, 2019-10-16 , 17:47:45.144455 
 dolphin,444,0.0000000,0.0000000,21,43,51,187,20.00,540.53,7.00,100.00, 2019-10-16 , 17:47:46.270490 
 dolphin,444,0.0000000,0.0000000,21,43,51,187,20.50,449.13,7.00,100.00, 2019-10-16 , 17:47:47.396560 
 dolphin,444,0.0000000,0.0000000,21,43,51,187,20.00,449.13,7.00,101.00, 2019-10-16 , 17:47:48.522657 
 dolphin,444,0.0000000,0.0000000,21,43,51,187,20.00,449.13,7.00,100.00, 2019-10-16 , 17:47:49.648618 
 dolphin,444,0.0000000,0.0000000,21,43,51,187,20.00,449.13,7.00,100.00, 2019-10-16 , 17:47:50.774252 
 dolphin,444,0.0000000,0.0000000,21,43,51,187,20.00,449.13,7.00,100.00, 2019-10-16 , 17:47:51.900156 
 dolphin,444,0.0000000,0.0000000,21,43,51,187,20.00,631.93,7.00,100.00, 2019-10-16 , 17:47:53.025802 
 dolphin,444,0.0000000,0.0000000,21,43,51,187,20.00,540.53,7.00,100.00, 2019-10-16 , 17:47:54.152903 
 dolphin,444,0.0000000,0.0000000,21,43,51,187,20.00,540.53,7.00,100.00, 2019-10-16 , 17:47:55.156523 
 dolphin,444,0.0000000,0.0000000,21,43,51,187,20.00,449.13,7.00,100.00, 2019-10-16 , 17:47:56.160543 
 dolphin,444,0.0000000,0.0000000,21,43,51,187,20.00,449.13,7.00,100.00, 2019-10-16 , 17:47:57.164671 
 dolphin,444,0.0000000,0.0000000,21,43,51,187,20.00,449.13,7.00,99.00, 2019-10-16 , 17:47:58.170316 
 dolphin,444,0.0000000,0.0000000,21,43,51,187,20.00,540.53,7.00,99.00, 2019-10-16 , 17:47:59.176389 
 dolphin,444,0.0000000,0.0000000,21,43,51,187,20.00,540.53,7.00,99.00, 2019-10-16 , 17:48:00.181918 
 dolphin,444,0.0000000,0.0000000,21,43,51,187,20.00,540.53,7.00,99.00, 2019-10-16 , 17:48:01.187074 
 dolphin,444,0.0000000,0.0000000,21,43,51,187,20.00,449.13,7.00,96.00, 2019-10-16 , 17:48:02.215859 
 dolphin,444,0.0000000,0.0000000,21,43,51,187,20.00,540.53,7.00,98.00, 2019-10-16 , 17:48:03.233597 
 dolphin,444,0.0000000,0.0000000,21,43,51,187,20.00,449.13,7.00,97.00, 2019-10-16 , 17:48:04.250048 
 dolphin,444,0.0000000,0.0000000,21,43,51,187,20.00,449.13,7.01,97.00, 2019-10-16 , 17:48:05.267383 
 dolphin,444,0.0000000,0.0000000,21,43,51,187,20.00,540.53,7.00,97.00, 2019-10-16 , 17:48:06.295329 
 dolphin,444,0.0000000,0.0000000,21,43,51,187,20.50,540.53,7.00,100.00, 2019-10-16 , 17:48:07.297333 
 dolphin,444,0.0000000,0.0000000,21,43,51,187,20.00,540.53,7.00,100.00, 2019-10-16 , 17:48:08.298486 
 dolphin,444,0.0000000,0.0000000,21,43,51,187,20.00,540.53,7.00,100.00, 2019-10-16 , 17:48:09.426134 
 dolphin,444,0.0000000,0.0000000,21,43,51,187,20.00,449.13,7.00,101.00, 2019-10-16 , 17:48:10.553480 
 dolphin,444,0.0000000,0.0000000,21,43,51,187,20.00,540.53,7.01,100.00, 2019-10-16 , 17:48:11.681018 
 dolphin,444,0.0000000,0.0000000,21,43,51,187,20.00,449.13,7.01,98.00, 2019-10-16 , 17:48:12.690778 
 dolphin,444,0.0000000,0.0000000,21,43,51,187,20.00,540.53,7.14,101.00, 2019-10-16 , 17:48:13.810217 
 dolphin,444,0.0000000,0.0000000,21,43,51,187,20.00,449.13,7.07,99.00, 2019-10-16 , 17:48:14.936747 
 dolphin,444,0.0000000,0.0000000,21,43,51,187,20.00,449.13,6.98,98.00, 2019-10-16 , 17:48:15.947312 
 dolphin,444,0.0000000,0.0000000,21,43,51,187,20.00,540.53,6.97,98.00, 2019-10-16 , 17:48:16.958443 
 dolphin,444,0.0000000,0.0000000,21,43,51,187,20.00,449.13,6.96,98.00, 2019-10-16 , 17:48:17.969862 
 dolphin,444,0.0000000,0.0000000,21,43,51,187,20.50,449.13,6.96,98.00, 2019-10-16 , 17:48:18.981828 
 dolphin,444,0.0000000,0.0000000,21,43,51,187,20.00,540.53,6.96,99.00, 2019-10-16 , 17:48:19.991048 
 dolphin,444,0.0000000,0.0000000,21,43,51,187,20.00,449.13,6.95,99.00, 2019-10-16 , 17:48:20.997448 
 dolphin,444,0.0000000,0.0000000,21,43,51,187,20.00,449.13,6.95,99.00, 2019-10-16 , 17:48:22.003893 
 dolphin,444,0.0000000,0.0000000,21,43,51,187,20.00,449.13,6.95,99.00, 2019-10-16 , 17:48:23.010541 
 dolphin,444,0.0000000,0.0000000,21,43,51,187,20.00,540.53,6.95,99.00, 2019-10-16 , 17:48:24.016635 
 dolphin,444,0.0000000,0.0000000,21,43,51,187,20.00,449.13,6.95,99.00, 2019-10-16 , 17:48:25.022934 
 dolphin,444,0.0000000,0.0000000,21,43,51,187,20.00,449.13,6.95,99.00, 2019-10-16 , 17:48:26.029872 
 dolphin,444,0.0000000,0.0000000,21,43,51,187,20.00,357.73,6.94,99.00, 2019-10-16 , 17:48:27.037283 
 dolphin,444,0.0000000,0.0000000,21,43,51,187,20.00,540.53,6.95,101.00, 2019-10-16 , 17:48:28.155832 
 dolphin,444,0.0000000,0.0000000,21,43,51,187,20.50,449.13,6.91,96.00, 2019-10-16 , 17:48:29.161709 
 dolphin,444,0.0000000,0.0000000,21,43,51,187,20.50,449.13,6.76,97.00, 2019-10-16 , 17:48:30.180442 
 dolphin,444,0.0000000,0.0000000,21,43,51,187,20.00,266.33,6.11,98.00, 2019-10-16 , 17:48:31.195852 
 dolphin,444,0.0000000,0.0000000,21,43,51,187,20.00,357.73,5.73,98.00, 2019-10-16 , 17:48:32.211928 
 dolphin,444,0.0000000,0.0000000,21,43,51,187,20.00,357.73,5.53,98.00, 2019-10-16 , 17:48:33.227901 
 dolphin,444,0.0000000,0.0000000,21,43,51,187,20.50,266.33,5.42,98.00, 2019-10-16 , 17:48:34.244402 
 dolphin,444,0.0000000,0.0000000,21,43,51,187,20.00,266.33,5.35,98.00, 2019-10-16 , 17:48:35.260558 
 dolphin,444,0.0000000,0.0000000,21,43,51,187,20.00,266.33,5.29,97.00, 2019-10-16 , 17:48:36.277074 
 dolphin,444,0.0000000,0.0000000,21,43,51,187,20.00,266.33,5.24,98.00, 2019-10-16 , 17:48:37.293568 
 dolphin,444,0.0000000,0.0000000,21,43,51,187,20.50,357.73,5.20,97.00, 2019-10-16 , 17:48:38.310285 
 dolphin,444,0.0000000,0.0000000,21,43,51,187,20.00,266.33,5.15,97.00, 2019-10-16 , 17:48:39.327550 
 dolphin,444,0.0000000,0.0000000,21,43,51,187,20.00,357.73,5.11,97.00, 2019-10-16 , 17:48:40.344663 
 dolphin,444,0.0000000,0.0000000,21,43,51,187,20.00,266.33,5.07,97.00, 2019-10-16 , 17:48:41.361788 
 dolphin,444,0.0000000,0.0000000,21,43,51,187,20.50,174.93,5.04,97.00, 2019-10-16 , 17:48:42.378884 
 dolphin,444,0.0000000,0.0000000,21,43,51,187,20.50,266.33,5.00,97.00, 2019-10-16 , 17:48:43.395721 
 dolphin,444,0.0000000,0.0000000,21,43,51,187,20.50,266.33,4.97,97.00, 2019-10-16 , 17:48:44.413905 
 dolphin,444,0.0000000,0.0000000,21,43,51,187,20.00,266.33,4.94,98.00, 2019-10-16 , 17:48:45.431622 
 dolphin,444,0.0000000,0.0000000,21,43,51,187,20.00,357.73,4.91,98.00, 2019-10-16 , 17:48:46.449335 
 dolphin,444,0.0000000,0.0000000,21,43,51,187,20.50,266.33,4.88,98.00, 2019-10-16 , 17:48:47.468553 
 dolphin,444,0.0000000,0.0000000,21,43,51,187,20.50,357.73,4.86,97.00, 2019-10-16 , 17:48:48.486078 
 dolphin,444,0.0000000,0.0000000,21,43,51,187,20.00,266.33,4.84,98.00, 2019-10-16 , 17:48:49.503531 
 dolphin,444,0.0000000,0.0000000,21,43,51,187,20.00,266.33,4.81,98.00, 2019-10-16 , 17:48:50.520839 
 dolphin,444,0.0000000,0.0000000,21,43,51,187,20.00,266.33,4.79,98.00, 2019-10-16 , 17:48:51.539840 
 dolphin,444,0.0000000,0.0000000,21,43,51,187,20.00,266.33,4.77,97.00, 2019-10-16 , 17:48:52.558885 
 dolphin,444,0.0000000,0.0000000,21,43,51,187,20.00,266.33,4.75,97.00, 2019-10-16 , 17:48:53.577870 
 dolphin,444,0.0000000,0.0000000,21,43,51,187,20.00,266.33,4.73,98.00, 2019-10-16 , 17:48:54.596802 
 dolphin,444,0.0000000,0.0000000,21,43,51,187,20.00,266.33,4.72,97.00, 2019-10-16 , 17:48:55.615835 
 dolphin,444,0.0000000,0.0000000,21,43,51,187,20.00,266.33,4.70,98.00, 2019-10-16 , 17:48:56.633545 
 dolphin,444,0.0000000,0.0000000,21,43,51,187,20.50,357.73,4.68,95.00, 2019-10-16 , 17:48:57.662183 
 dolphin,444,0.0000000,0.0000000,21,43,51,187,20.50,266.33,4.67,97.00, 2019-10-16 , 17:48:58.680468 
 dolphin,444,0.0000000,0.0000000,21,43,51,187,20.00,266.33,4.65,97.00, 2019-10-16 , 17:48:59.698527 
 dolphin,444,0.0000000,0.0000000,21,43,51,187,20.00,266.33,4.64,97.00, 2019-10-16 , 17:49:00.719191 
 dolphin,444,0.0000000,0.0000000,21,43,51,187,20.50,266.33,4.62,97.00, 2019-10-16 , 17:49:01.738704 
 dolphin,444,0.0000000,0.0000000,21,43,51,187,20.00,266.33,4.61,97.00, 2019-10-16 , 17:49:02.757903 
 dolphin,444,0.0000000,0.0000000,21,43,51,187,20.00,266.33,4.60,97.00, 2019-10-16 , 17:49:03.776995 
 dolphin,444,0.0000000,0.0000000,21,43,51,187,20.00,357.73,4.59,97.00, 2019-10-16 , 17:49:04.796739 
 dolphin,444,0.0000000,0.0000000,21,43,51,187,20.00,266.33,4.58,97.00, 2019-10-16 , 17:49:05.815371 
 dolphin,444,0.0000000,0.0000000,21,43,51,187,20.00,357.73,4.57,97.00, 2019-10-16 , 17:49:06.835695 
 dolphin,444,0.0000000,0.0000000,21,43,51,187,20.00,357.73,4.55,94.00, 2019-10-16 , 17:49:07.860280 
 dolphin,444,0.0000000,0.0000000,21,43,51,187,20.00,266.33,4.54,96.00, 2019-10-16 , 17:49:08.900219 
 dolphin,444,0.0000000,0.0000000,21,43,51,187,20.00,174.93,4.53,97.00, 2019-10-16 , 17:49:09.921854 
 dolphin,444,0.0000000,0.0000000,21,43,51,187,20.50,266.33,4.53,97.00, 2019-10-16 , 17:49:10.943589 
 dolphin,444,0.0000000,0.0000000,21,43,51,187,20.50,266.33,4.52,97.00, 2019-10-16 , 17:49:11.965343 
 dolphin,444,0.0000000,0.0000000,21,43,51,187,20.00,266.33,4.50,97.00, 2019-10-16 , 17:49:12.987019 
 dolphin,444,0.0000000,0.0000000,21,43,51,187,20.50,357.73,4.50,97.00, 2019-10-16 , 17:49:14.008384 
 dolphin,444,0.0000000,0.0000000,21,43,51,187,20.50,357.73,4.49,94.00, 2019-10-16 , 17:49:15.041257 
 dolphin,444,0.0000000,0.0000000,21,43,51,187,20.50,266.33,4.48,94.00, 2019-10-16 , 17:49:16.076680 
 dolphin,444,0.0000000,0.0000000,21,43,51,187,20.00,266.33,4.48,97.00, 2019-10-16 , 17:49:17.098268 
 dolphin,444,0.0000000,0.0000000,21,43,51,187,20.00,357.73,4.47,97.00, 2019-10-16 , 17:49:18.117918 
 dolphin,444,0.0000000,0.0000000,21,43,51,187,20.00,266.33,4.46,97.00, 2019-10-16 , 17:49:19.137443 
 dolphin,444,0.0000000,0.0000000,21,43,51,187,20.50,357.73,4.45,97.00, 2019-10-16 , 17:49:20.156828 
 dolphin,444,0.0000000,0.0000000,21,43,51,187,20.50,266.33,4.45,97.00, 2019-10-16 , 17:49:21.176216 
 dolphin,444,0.0000000,0.0000000,21,43,51,187,20.00,266.33,4.44,97.00, 2019-10-16 , 17:49:22.195453 
 dolphin,444,0.0000000,0.0000000,21,43,51,187,20.00,357.73,4.44,97.00, 2019-10-16 , 17:49:23.214795 
 dolphin,444,0.0000000,0.0000000,21,43,51,187,20.00,357.73,4.43,97.00, 2019-10-16 , 17:49:24.234030 
 dolphin,444,0.0000000,0.0000000,21,43,51,187,20.00,266.33,4.42,97.00, 2019-10-16 , 17:49:25.255082 
 dolphin,444,0.0000000,0.0000000,21,43,51,187,20.00,357.73,4.42,97.00, 2019-10-16 , 17:49:26.276885 
 dolphin,444,0.0000000,0.0000000,21,43,51,187,20.00,357.73,4.41,97.00, 2019-10-16 , 17:49:27.298531 
 dolphin,444,0.0000000,0.0000000,21,43,51,187,20.00,266.33,4.41,97.00, 2019-10-16 , 17:49:28.320322 
 dolphin,444,0.0000000,0.0000000,21,43,51,187,20.50,266.33,4.40,97.00, 2019-10-16 , 17:49:29.341953 
 dolphin,444,0.0000000,0.0000000,21,43,51,187,20.00,266.33,4.40,97.00, 2019-10-16 , 17:49:30.364031 
 dolphin,444,0.0000000,0.0000000,21,43,51,187,20.00,266.33,4.40,97.00, 2019-10-16 , 17:49:31.385980 
 dolphin,444,0.0000000,0.0000000,21,43,51,187,20.00,174.93,4.39,93.00, 2019-10-16 , 17:49:32.412797 
 dolphin,444,0.0000000,0.0000000,21,43,51,187,20.50,357.73,4.39,96.00, 2019-10-16 , 17:49:33.447599 
 dolphin,444,0.0000000,0.0000000,21,43,51,187,20.00,266.33,4.38,97.00, 2019-10-16 , 17:49:34.469714 
 dolphin,444,0.0000000,0.0000000,21,43,51,187,20.00,266.33,4.38,97.00, 2019-10-16 , 17:49:35.492491 
 dolphin,444,0.0000000,0.0000000,21,43,51,187,20.00,357.73,4.38,97.00, 2019-10-16 , 17:49:36.515303 
 dolphin,444,0.0000000,0.0000000,21,43,51,187,20.00,266.33,4.37,97.00, 2019-10-16 , 17:49:37.537695 
 dolphin,444,0.0000000,0.0000000,21,43,51,187,20.00,357.73,4.37,97.00, 2019-10-16 , 17:49:38.559735 
 dolphin,444,0.0000000,0.0000000,21,43,51,187,20.00,357.73,4.36,97.00, 2019-10-16 , 17:49:39.581596 
 dolphin,444,0.0000000,0.0000000,21,43,51,187,20.00,266.33,4.35,96.00, 2019-10-16 , 17:49:40.604304 
 dolphin,444,0.0000000,0.0000000,21,43,51,187,20.00,266.33,4.35,97.00, 2019-10-16 , 17:49:41.624762 
 dolphin,444,0.0000000,0.0000000,21,43,51,187,20.00,266.33,4.36,95.00, 2019-10-16 , 17:49:42.647047 
 dolphin,444,0.0000000,0.0000000,21,43,51,187,20.00,357.73,4.35,97.00, 2019-10-16 , 17:49:43.669735 
 dolphin,444,0.0000000,0.0000000,21,43,51,187,20.50,266.33,4.35,97.00, 2019-10-16 , 17:49:44.687935 
 dolphin,444,0.0000000,0.0000000,21,43,51,187,20.50,266.33,4.34,97.00, 2019-10-16 , 17:49:45.705956 
 dolphin,444,0.0000000,0.0000000,21,43,51,187,20.00,357.73,4.33,97.00, 2019-10-16 , 17:49:46.724196 
 dolphin,444,0.0000000,0.0000000,21,43,51,187,20.00,357.73,4.34,97.00, 2019-10-16 , 17:49:47.741969 
 dolphin,444,0.0000000,0.0000000,21,43,51,187,20.00,357.73,4.34,97.00, 2019-10-16 , 17:49:48.759839 
 dolphin,444,0.0000000,0.0000000,21,43,51,187,20.00,266.33,4.33,97.00, 2019-10-16 , 17:49:49.777450 
 dolphin,444,0.0000000,0.0000000,21,43,51,187,20.00,357.73,4.33,97.00, 2019-10-16 , 17:49:50.795230 
 dolphin,444,0.0000000,0.0000000,21,43,51,187,20.00,266.33,4.33,97.00, 2019-10-16 , 17:49:51.812265 
 dolphin,444,0.0000000,0.0000000,21,43,51,187,20.00,266.33,4.32,97.00, 2019-10-16 , 17:49:52.830040 
 dolphin,444,0.0000000,0.0000000,21,43,51,187,20.00,357.73,4.32,97.00, 2019-10-16 , 17:49:53.847922 
 dolphin,444,0.0000000,0.0000000,21,43,51,187,20.00,266.33,4.32,97.00, 2019-10-16 , 17:49:54.867082 
 dolphin,444,0.0000000,0.0000000,21,43,51,187,20.00,357.73,4.31,97.00, 2019-10-16 , 17:49:55.884859 
 dolphin,444,0.0000000,0.0000000,21,43,51,187,20.00,266.33,4.31,97.00, 2019-10-16 , 17:49:56.901781 
 dolphin,444,0.0000000,0.0000000,21,43,51,187,20.00,266.33,4.31,97.00, 2019-10-16 , 17:49:57.918718 
 dolphin,444,0.0000000,0.0000000,21,43,51,187,20.00,266.33,4.31,97.00, 2019-10-16 , 17:49:58.936423 
 dolphin,444,0.0000000,0.0000000,21,43,51,187,20.00,266.33,4.30,97.00, 2019-10-16 , 17:49:59.958299 
 dolphin,444,0.0000000,0.0000000,21,43,51,187,20.50,266.33,4.30,97.00, 2019-10-16 , 17:50:00.979937 
 dolphin,444,0.0000000,0.0000000,21,43,51,187,20.50,357.73,4.30,97.00, 2019-10-16 , 17:50:02.001324 
 dolphin,444,0.0000000,0.0000000,21,43,51,187,20.00,266.33,4.30,97.00, 2019-10-16 , 17:50:03.020353 
 dolphin,444,0.0000000,0.0000000,21,43,51,187,20.00,266.33,4.29,97.00, 2019-10-16 , 17:50:04.041409 
 dolphin,444,0.0000000,0.0000000,21,43,51,187,20.00,357.73,4.29,97.00, 2019-10-16 , 17:50:05.060541 
 dolphin,444,0.0000000,0.0000000,21,43,51,187,20.00,266.33,4.29,97.00, 2019-10-16 , 17:50:06.080927 
 dolphin,444,0.0000000,0.0000000,21,43,51,187,20.00,266.33,4.29,93.00, 2019-10-16 , 17:50:07.113764 
 dolphin,444,0.0000000,0.0000000,21,43,51,187,20.00,266.33,4.28,96.00, 2019-10-16 , 17:50:08.146723 
 dolphin,444,0.0000000,0.0000000,21,43,51,187,20.00,266.33,4.29,96.00, 2019-10-16 , 17:50:09.169638 
 dolphin,444,0.0000000,0.0000000,21,43,51,187,20.00,357.73,4.28,95.00, 2019-10-16 , 17:50:10.196297 
 dolphin,444,0.0000000,0.0000000,21,43,51,187,20.00,266.33,4.33,94.00, 2019-10-16 , 17:50:11.237096 
 dolphin,444,0.0000000,0.0000000,21,43,51,187,20.00,266.33,4.26,93.00, 2019-10-16 , 17:50:12.281709 
 dolphin,444,0.0000000,0.0000000,21,43,51,187,20.00,266.33,4.28,93.00, 2019-10-16 , 17:50:13.328200 
 dolphin,444,0.0000000,0.0000000,21,43,51,187,20.00,266.33,4.28,92.00, 2019-10-16 , 17:50:14.377852 
 dolphin,444,0.0000000,0.0000000,21,43,51,187,20.00,266.33,4.27,92.00, 2019-10-16 , 17:50:15.434269 
 dolphin,444,0.0000000,0.0000000,21,43,51,187,20.00,174.93,4.28,103.00, 2019-10-16 , 17:50:16.473459 
 dolphin,444,0.0000000,0.0000000,21,43,51,187,20.00,266.33,4.28,97.00, 2019-10-16 , 17:50:17.511102 
 dolphin,444,0.0000000,0.0000000,21,43,51,187,20.50,357.73,4.25,96.00, 2019-10-16 , 17:50:18.538222 
 dolphin,444,0.0000000,0.0000000,21,43,51,187,20.00,357.73,4.27,97.00, 2019-10-16 , 17:50:19.564224 
 dolphin,444,0.0000000,0.0000000,21,43,51,187,20.50,266.33,4.27,96.00, 2019-10-16 , 17:50:20.590060 
 dolphin,444,0.0000000,0.0000000,21,43,51,187,20.00,174.93,4.26,96.00, 2019-10-16 , 17:50:21.615856 
 dolphin,444,0.0000000,0.0000000,21,43,51,187,20.00,266.33,4.27,96.00, 2019-10-16 , 17:50:22.641691 
 dolphin,444,0.0000000,0.0000000,21,43,51,187,20.50,266.33,4.26,96.00, 2019-10-16 , 17:50:23.667488 
 dolphin,444,0.0000000,0.0000000,21,43,51,187,20.50,266.33,4.26,96.00, 2019-10-16 , 17:50:24.693271 
 dolphin,444,0.0000000,0.0000000,21,43,51,187,20.50,266.33,4.26,96.00, 2019-10-16 , 17:50:25.719442 
 dolphin,444,0.0000000,0.0000000,21,43,51,187,20.00,266.33,4.26,96.00, 2019-10-16 , 17:50:26.747148 
 dolphin,444,0.0000000,0.0000000,21,43,51,187,20.00,266.33,4.25,96.00, 2019-10-16 , 17:50:27.775367 
 dolphin,444,0.0000000,0.0000000,21,43,51,187,20.00,357.73,4.25,96.00, 2019-10-16 , 17:50:28.803358 
 dolphin,444,0.0000000,0.0000000,21,43,51,187,20.00,266.33,4.25,96.00, 2019-10-16 , 17:50:29.831093 
 dolphin,444,0.0000000,0.0000000,21,43,51,187,20.00,266.33,4.25,96.00, 2019-10-16 , 17:50:30.858381 
 dolphin,444,0.0000000,0.0000000,21,43,51,187,20.50,266.33,4.25,96.00, 2019-10-16 , 17:50:31.885972 
 dolphin,444,0.0000000,0.0000000,21,43,51,187,20.00,174.93,4.25,96.00, 2019-10-16 , 17:50:32.913270 
 dolphin,444,0.0000000,0.0000000,21,43,51,187,20.00,266.33,4.25,96.00, 2019-10-16 , 17:50:33.940295 
 dolphin,444,0.0000000,0.0000000,21,43,51,187,20.00,266.33,4.25,96.00, 2019-10-16 , 17:50:34.967634 
 dolphin,444,0.0000000,0.0000000,21,43,51,187,20.00,266.33,4.25,96.00, 2019-10-16 , 17:50:35.994748 
 dolphin,444,0.0000000,0.0000000,21,43,51,187,20.00,266.33,4.25,96.00, 2019-10-16 , 17:50:37.022080 
 dolphin,444,0.0000000,0.0000000,21,43,51,187,20.00,266.33,4.25,96.00, 2019-10-16 , 17:50:38.049297 
 dolphin,444,0.0000000,0.0000000,21,43,51,187,20.50,174.93,4.25,96.00, 2019-10-16 , 17:50:39.076359 
 dolphin,444,0.0000000,0.0000000,21,43,51,187,20.00,174.93,4.25,96.00, 2019-10-16 , 17:50:40.103559 
 dolphin,444,0.0000000,0.0000000,21,43,51,187,20.00,266.33,4.25,96.00, 2019-10-16 , 17:50:41.130606 
 dolphin,444,0.0000000,0.0000000,21,43,51,187,20.00,266.33,4.25,96.00, 2019-10-16 , 17:50:42.158102 
 dolphin,444,0.0000000,0.0000000,21,43,51,187,20.00,266.33,4.24,96.00, 2019-10-16 , 17:50:43.185337 
 dolphin,444,0.0000000,0.0000000,21,43,51,187,20.00,266.33,4.24,96.00, 2019-10-16 , 17:50:44.213322 
 dolphin,444,0.0000000,0.0000000,21,43,51,187,20.50,266.33,4.24,96.00, 2019-10-16 , 17:50:45.241082 
 dolphin,444,0.0000000,0.0000000,21,43,51,187,20.50,266.33,4.24,96.00, 2019-10-16 , 17:50:46.269336 
 dolphin,444,0.0000000,0.0000000,0,0,0,0,20.50,266.33,4.24,96.00, 2019-10-16 , 17:50:47.297489 
 dolphin,444,0.0000000,0.0000000,0,0,0,0,20.00,174.93,4.24,96.00, 2019-10-16 , 17:50:48.326090 
 dolphin,444,0.0000000,0.0000000,0,0,0,0,20.00,266.33,4.24,95.00, 2019-10-16 , 17:50:49.354158 
 dolphin,444,0.0000000,0.0000000,0,0,0,0,20.00,266.33,4.24,96.00, 2019-10-16 , 17:50:50.382535 
 dolphin,444,0.0000000,0.0000000,0,0,0,0,20.50,266.33,4.24,96.00, 2019-10-16 , 17:50:51.411394 
 dolphin,444,0.0000000,0.0000000,0,0,0,0,20.50,266.33,4.24,96.00, 2019-10-16 , 17:50:52.440156 
 dolphin,444,0.0000000,0.0000000,0,0,0,0,20.00,357.73,4.24,96.00, 2019-10-16 , 17:50:53.468619 
 dolphin,444,0.0000000,0.0000000,0,0,0,0,20.00,357.73,4.24,97.00, 2019-10-16 , 17:50:54.497085 
 dolphin,444,0.0000000,0.0000000,0,0,0,0,20.00,266.33,4.24,96.00, 2019-10-16 , 17:50:55.525769 
 dolphin,444,0.0000000,0.0000000,0,0,0,0,20.00,266.33,4.24,96.00, 2019-10-16 , 17:50:56.554532 
 dolphin,444,0.0000000,0.0000000,0,0,0,0,20.00,174.93,4.24,96.00, 2019-10-16 , 17:50:57.583196 
 dolphin,444,0.0000000,0.0000000,0,0,0,0,20.00,266.33,4.24,95.00, 2019-10-16 , 17:50:58.612113 
 dolphin,444,0.0000000,0.0000000,0,0,0,0,20.00,266.33,4.23,96.00, 2019-10-16 , 17:50:59.640071 
 dolphin,444,0.0000000,0.0000000,0,0,0,0,20.00,266.33,4.23,96.00, 2019-10-16 , 17:51:00.668185 
 dolphin,444,0.0000000,0.0000000,0,0,0,0,20.00,266.33,4.23,96.00, 2019-10-16 , 17:51:01.695665 
 dolphin,444,0.0000000,0.0000000,0,0,0,0,20.00,266.33,4.23,96.00, 2019-10-16 , 17:51:02.723320 
 dolphin,444,0.0000000,0.0000000,0,0,0,0,20.00,266.33,4.23,96.00, 2019-10-16 , 17:51:03.751299 
 dolphin,444,0.0000000,0.0000000,0,0,0,0,20.00,266.33,4.23,96.00, 2019-10-16 , 17:51:04.778623 
 dolphin,444,0.0000000,0.0000000,0,0,0,0,20.50,266.33,4.23,96.00, 2019-10-16 , 17:51:05.806157 
 dolphin,444,0.0000000,0.0000000,0,0,0,0,20.00,266.33,4.23,96.00, 2019-10-16 , 17:51:06.833839 
 dolphin,444,0.0000000,0.0000000,0,0,0,0,20.00,266.33,4.23,96.00, 2019-10-16 , 17:51:07.861424 
 dolphin,444,0.0000000,0.0000000,0,0,0,0,20.00,266.33,4.23,96.00, 2019-10-16 , 17:51:08.888898 
 dolphin,444,0.0000000,0.0000000,0,0,0,0,20.50,266.33,4.23,96.00, 2019-10-16 , 17:51:09.916345 
 dolphin,444,0.0000000,0.0000000,0,0,0,0,20.00,266.33,4.23,96.00, 2019-10-16 , 17:51:10.944042 
 dolphin,444,0.0000000,0.0000000,0,0,0,0,20.50,266.33,4.23,96.00, 2019-10-16 , 17:51:11.971432 
 dolphin,444,0.0000000,0.0000000,0,0,0,0,20.00,266.33,4.23,96.00, 2019-10-16 , 17:51:12.998730 
 dolphin,444,0.0000000,0.0000000,0,0,0,0,20.00,266.33,4.23,96.00, 2019-10-16 , 17:51:14.026112 
 dolphin,444,0.0000000,0.0000000,0,0,0,0,20.50,266.33,4.23,96.00, 2019-10-16 , 17:51:15.053279 
 dolphin,444,0.0000000,0.0000000,0,0,0,0,20.00,266.33,4.23,96.00, 2019-10-16 , 17:51:16.080582 
 dolphin,444,0.0000000,0.0000000,0,0,0,0,20.00,266.33,4.23,96.00, 2019-10-16 , 17:51:17.107884 
 dolphin,444,0.0000000,0.0000000,0,0,0,0,20.00,266.33,4.23,96.00, 2019-10-16 , 17:51:18.135003 
 dolphin,444,0.0000000,0.0000000,0,0,0,0,20.00,174.93,4.22,97.00, 2019-10-16 , 17:51:19.157578 
 dolphin,444,0.0000000,0.0000000,0,0,0,0,20.00,357.73,4.23,97.00, 2019-10-16 , 17:51:20.180548 
 dolphin,444,0.0000000,0.0000000,0,0,0,0,20.50,174.93,4.22,96.00, 2019-10-16 , 17:51:21.203534 
 dolphin,444,0.0000000,0.0000000,0,0,0,0,20.00,266.33,4.22,96.00, 2019-10-16 , 17:51:22.226020 
 dolphin,444,0.0000000,0.0000000,0,0,0,0,20.00,266.33,4.22,96.00, 2019-10-16 , 17:51:23.248951 
 dolphin,444,0.0000000,0.0000000,0,0,0,0,20.00,357.73,4.22,96.00, 2019-10-16 , 17:51:24.271883 
 dolphin,444,0.0000000,0.0000000,0,0,0,0,20.00,174.93,4.22,96.00, 2019-10-16 , 17:51:25.294513 
 dolphin,444,0.0000000,0.0000000,0,0,0,0,20.00,266.33,4.22,96.00, 2019-10-16 , 17:51:26.320293 
 dolphin,444,0.0000000,0.0000000,0,0,0,0,20.50,266.33,4.22,96.00, 2019-10-16 , 17:51:27.348408 
 dolphin,444,0.0000000,0.0000000,0,0,0,0,20.50,174.93,4.22,96.00, 2019-10-16 , 17:51:28.376066 
 dolphin,444,0.0000000,0.0000000,0,0,0,0,20.50,357.73,4.22,96.00, 2019-10-16 , 17:51:29.404311 
 dolphin,444,0.0000000,0.0000000,0,0,0,0,20.00,266.33,4.22,96.00, 2019-10-16 , 17:51:30.432376 
 dolphin,444,0.0000000,0.0000000,0,0,0,0,20.50,357.73,4.22,97.00, 2019-10-16 , 17:51:31.460948 
 dolphin,444,0.0000000,0.0000000,0,0,0,0,20.00,266.33,4.22,97.00, 2019-10-16 , 17:51:32.489372 
 dolphin,444,0.0000000,0.0000000,0,0,0,0,20.50,266.33,4.22,96.00, 2019-10-16 , 17:51:33.518104 
 dolphin,444,0.0000000,0.0000000,0,0,0,0,20.00,174.93,4.23,97.00, 2019-10-16 , 17:51:34.544273 
 dolphin,444,0.0000000,0.0000000,0,0,0,0,20.00,266.33,4.22,96.00, 2019-10-16 , 17:51:35.567352 
 dolphin,444,0.0000000,0.0000000,0,0,0,0,20.50,266.33,4.22,96.00, 2019-10-16 , 17:51:36.590327 
 dolphin,444,0.0000000,0.0000000,0,0,0,0,20.00,266.33,4.22,97.00, 2019-10-16 , 17:51:37.613192 
 dolphin,444,0.0000000,0.0000000,0,0,0,0,20.50,266.33,4.22,96.00, 2019-10-16 , 17:51:38.636295 
 dolphin,444,0.0000000,0.0000000,0,0,0,0,20.50,357.73,4.22,97.00, 2019-10-16 , 17:51:39.658924 
 dolphin,444,0.0000000,0.0000000,0,0,0,0,20.00,266.33,4.22,97.00, 2019-10-16 , 17:51:40.681257 
 dolphin,444,0.0000000,0.0000000,0,0,0,0,20.50,266.33,4.22,97.00, 2019-10-16 , 17:51:41.704094 
 dolphin,444,0.0000000,0.0000000,0,0,0,0,20.50,266.33,4.25,97.00, 2019-10-16 , 17:51:42.726830 
 dolphin,444,0.0000000,0.0000000,0,0,0,0,20.00,174.93,4.25,96.00, 2019-10-16 , 17:51:43.749740 
 dolphin,444,0.0000000,0.0000000,0,0,0,0,20.50,266.33,4.20,96.00, 2019-10-16 , 17:51:44.772587 
 dolphin,444,0.0000000,0.0000000,0,0,0,0,20.00,174.93,4.19,96.00, 2019-10-16 , 17:51:45.795122 
 dolphin,444,0.0000000,0.0000000,0,0,0,0,20.00,266.33,4.21,96.00, 2019-10-16 , 17:51:46.817874 
 dolphin,444,0.0000000,0.0000000,0,0,0,0,20.50,174.93,4.22,97.00, 2019-10-16 , 17:51:47.840628 
 dolphin,444,0.0000000,0.0000000,0,0,0,0,20.50,266.33,4.22,96.00, 2019-10-16 , 17:51:48.863593 
 dolphin,444,0.0000000,0.0000000,0,0,0,0,20.00,266.33,4.22,96.00, 2019-10-16 , 17:51:49.886416 
 dolphin,444,0.0000000,0.0000000,0,0,0,0,20.00,266.33,4.22,96.00, 2019-10-16 , 17:51:50.909196 
 dolphin,444,0.0000000,0.0000000,0,0,0,0,20.50,357.73,4.22,96.00, 2019-10-16 , 17:51:51.931932 
 dolphin,444,0.0000000,0.0000000,0,0,0,0,20.00,266.33,4.22,96.00, 2019-10-16 , 17:51:52.954946 
 dolphin,444,0.0000000,0.0000000,0,0,0,0,20.00,266.33,4.22,96.00, 2019-10-16 , 17:51:53.978036 
 dolphin,444,0.0000000,0.0000000,0,0,0,0,20.00,266.33,4.22,96.00, 2019-10-16 , 17:51:55.001156 
 dolphin,444,0.0000000,0.0000000,0,0,0,0,20.00,266.33,4.22,96.00, 2019-10-16 , 17:51:56.025732 
 dolphin,444,0.0000000,0.0000000,0,0,0,0,20.50,266.33,4.22,96.00, 2019-10-16 , 17:51:57.064823 
 dolphin,444,0.0000000,0.0000000,0,0,0,0,20.00,266.33,4.21,96.00, 2019-10-16 , 17:51:58.092356 
 dolphin,444,0.0000000,0.0000000,0,0,0,0,20.00,266.33,4.21,96.00, 2019-10-16 , 17:51:59.119667 
 dolphin,444,0.0000000,0.0000000,0,0,0,0,20.00,266.33,4.22,96.00, 2019-10-16 , 17:52:00.147069 
 dolphin,444,0.0000000,0.0000000,0,0,0,0,20.00,266.33,4.22,96.00, 2019-10-16 , 17:52:01.174284 
 dolphin,444,0.0000000,0.0000000,0,0,0,0,20.00,266.33,4.22,96.00, 2019-10-16 , 17:52:02.201648 
 dolphin,444,0.0000000,0.0000000,0,0,0,0,20.00,266.33,4.22,96.00, 2019-10-16 , 17:52:03.228979 
 dolphin,444,0.0000000,0.0000000,0,0,0,0,20.00,266.33,4.22,96.00, 2019-10-16 , 17:52:04.256359 
 dolphin,444,0.0000000,0.0000000,0,0,0,0,20.00,266.33,4.21,96.00, 2019-10-16 , 17:52:05.283140 
 dolphin,444,0.0000000,0.0000000,0,0,0,0,20.50,266.33,4.21,96.00, 2019-10-16 , 17:52:06.306925 
 dolphin,444,0.0000000,0.0000000,0,0,0,0,20.00,174.93,4.21,96.00, 2019-10-16 , 17:52:07.330592 
 dolphin,444,0.0000000,0.0000000,0,0,0,0,20.00,266.33,4.21,96.00, 2019-10-16 , 17:52:08.354237 
 dolphin,444,0.0000000,0.0000000,0,0,0,0,20.00,357.73,4.21,96.00, 2019-10-16 , 17:52:09.378027 
 dolphin,444,0.0000000,0.0000000,0,0,0,0,20.00,266.33,4.21,96.00, 2019-10-16 , 17:52:10.401701 
 dolphin,444,0.0000000,0.0000000,0,0,0,0,20.00,266.33,4.21,96.00, 2019-10-16 , 17:52:11.425695 
 dolphin,444,0.0000000,0.0000000,0,0,0,0,20.00,266.33,4.21,97.00, 2019-10-16 , 17:52:12.449598 
 dolphin,444,0.0000000,0.0000000,0,0,0,0,20.00,174.93,4.22,97.00, 2019-10-16 , 17:52:13.473617 
 dolphin,444,0.0000000,0.0000000,0,0,0,0,20.00,266.33,4.21,97.00, 2019-10-16 , 17:52:14.497134 
 dolphin,444,0.0000000,0.0000000,0,0,0,0,20.00,266.33,4.22,96.00, 2019-10-16 , 17:52:15.525396 
 dolphin,444,0.0000000,0.0000000,0,0,0,0,20.00,266.33,4.21,96.00, 2019-10-16 , 17:52:16.554129 
 dolphin,444,0.0000000,0.0000000,0,0,0,0,20.00,174.93,4.21,95.00, 2019-10-16 , 17:52:17.582593 
 dolphin,444,0.0000000,0.0000000,0,0,0,0,20.50,174.93,4.21,96.00, 2019-10-16 , 17:52:18.611134 
 dolphin,444,0.0000000,0.0000000,0,0,0,0,20.50,266.33,4.21,95.00, 2019-10-16 , 17:52:19.639480 
 dolphin,444,0.0000000,0.0000000,0,0,0,0,20.00,174.93,4.21,96.00, 2019-10-16 , 17:52:20.667795 
 dolphin,444,0.0000000,0.0000000,0,0,0,0,20.00,357.73,4.21,96.00, 2019-10-16 , 17:52:21.696260 
 dolphin,444,0.0000000,0.0000000,0,0,0,0,20.00,174.93,4.21,96.00, 2019-10-16 , 17:52:22.723044 
 dolphin,444,0.0000000,0.0000000,0,0,0,0,20.00,174.93,4.21,96.00, 2019-10-16 , 17:52:23.746862 
 dolphin,444,0.0000000,0.0000000,0,0,0,0,20.50,174.93,4.21,96.00, 2019-10-16 , 17:52:24.770465 
 dolphin,444,0.0000000,0.0000000,0,0,0,0,20.50,266.33,4.21,96.00, 2019-10-16 , 17:52:25.793850 
 dolphin,444,0.0000000,0.0000000,0,0,0,0,20.00,266.33,4.21,96.00, 2019-10-16 , 17:52:26.817737 
 dolphin,444,0.0000000,0.0000000,0,0,0,0,20.00,266.33,4.21,96.00, 2019-10-16 , 17:52:27.841259 
 dolphin,444,0.0000000,0.0000000,0,0,0,0,20.00,266.33,4.21,96.00, 2019-10-16 , 17:52:28.865018 
 dolphin,444,0.0000000,0.0000000,0,0,0,0,20.00,266.33,4.21,96.00, 2019-10-16 , 17:52:29.888402 
 dolphin,444,0.0000000,0.0000000,0,0,0,0,20.00,266.33,4.21,96.00, 2019-10-16 , 17:52:30.911779 
 dolphin,444,0.0000000,0.0000000,0,0,0,0,20.50,174.93,4.21,96.00, 2019-10-16 , 17:52:31.935237 
 dolphin,444,0.0000000,0.0000000,0,0,0,0,20.00,174.93,4.21,96.00, 2019-10-16 , 17:52:32.958622 
 dolphin,444,0.0000000,0.0000000,0,0,0,0,20.00,174.93,4.21,96.00, 2019-10-16 , 17:52:33.982699 
 dolphin,444,0.0000000,0.0000000,0,0,0,0,20.50,266.33,4.21,96.00, 2019-10-16 , 17:52:35.006048 
 dolphin,444,0.0000000,0.0000000,0,0,0,0,20.50,266.33,4.21,96.00, 2019-10-16 , 17:52:36.029612 
 dolphin,444,0.0000000,0.0000000,0,0,0,0,20.00,174.93,4.21,96.00, 2019-10-16 , 17:52:37.053577 
 dolphin,444,0.0000000,0.0000000,0,0,0,0,20.00,357.73,4.21,96.00, 2019-10-16 , 17:52:38.077406 
 dolphin,444,0.0000000,0.0000000,0,0,0,0,20.00,266.33,4.21,96.00, 2019-10-16 , 17:52:39.101496 
 dolphin,444,0.0000000,0.0000000,0,0,0,0,20.00,266.33,4.21,96.00, 2019-10-16 , 17:52:40.125355 
 dolphin,444,0.0000000,0.0000000,0,0,0,0,20.00,266.33,4.21,96.00, 2019-10-16 , 17:52:41.149650 
 dolphin,444,0.0000000,0.0000000,0,0,0,0,20.00,266.33,4.21,96.00, 2019-10-16 , 17:52:42.173616 
 dolphin,444,0.0000000,0.0000000,0,0,0,0,20.00,266.33,4.21,96.00, 2019-10-16 , 17:52:43.197798 
 dolphin,444,0.0000000,0.0000000,0,0,0,0,20.00,266.33,4.21,96.00, 2019-10-16 , 17:52:44.221766 
 dolphin,444,0.0000000,0.0000000,0,0,0,0,20.50,266.33,4.21,96.00, 2019-10-16 , 17:52:45.245570 
 dolphin,444,0.0000000,0.0000000,0,0,0,0,20.00,357.73,4.21,96.00, 2019-10-16 , 17:52:46.269683 
 dolphin,444,0.0000000,0.0000000,0,0,0,0,20.50,266.33,4.21,96.00, 2019-10-16 , 17:52:47.293809 
 dolphin,444,0.0000000,0.0000000,0,0,0,0,20.00,266.33,4.21,96.00, 2019-10-16 , 17:52:48.318045 
 dolphin,444,0.0000000,0.0000000,0,0,0,0,20.00,174.93,4.21,96.00, 2019-10-16 , 17:52:49.342031 
 dolphin,444,0.0000000,0.0000000,0,0,0,0,20.50,174.93,4.21,96.00, 2019-10-16 , 17:52:50.365943 
 dolphin,444,0.0000000,0.0000000,0,0,0,0,20.00,266.33,4.21,96.00, 2019-10-16 , 17:52:51.389554 
 dolphin,444,0.0000000,0.0000000,0,0,0,0,20.00,266.33,4.21,96.00, 2019-10-16 , 17:52:52.413206 
 dolphin,444,0.0000000,0.0000000,0,0,0,0,20.00,266.33,4.21,97.00, 2019-10-16 , 17:52:53.437106 
 dolphin,444,0.0000000,0.0000000,0,0,0,0,20.00,266.33,4.21,97.00, 2019-10-16 , 17:52:54.460731 
 dolphin,444,0.0000000,0.0000000,0,0,0,0,20.00,266.33,4.21,97.00, 2019-10-16 , 17:52:55.483843 
 dolphin,444,0.0000000,0.0000000,0,0,0,0,20.00,174.93,4.21,96.00, 2019-10-16 , 17:52:56.508954 
 dolphin,444,0.0000000,0.0000000,0,0,0,0,20.00,266.33,4.21,102.00, 2019-10-16 , 17:52:57.512391 
 dolphin,444,0.0000000,0.0000000,0,0,0,0,20.00,83.53,4.25,95.00, 2019-10-16 , 17:52:58.642802 
 dolphin,444,0.0000000,0.0000000,0,0,0,0,20.00,174.93,4.29,95.00, 2019-10-16 , 17:52:59.672387 
 dolphin,444,0.0000000,0.0000000,0,0,0,0,20.50,174.93,4.25,95.00, 2019-10-16 , 17:53:00.703208 
 dolphin,444,0.0000000,0.0000000,0,0,0,0,20.00,174.93,4.25,95.00, 2019-10-16 , 17:53:01.734261 
 dolphin,444,0.0000000,0.0000000,0,0,0,0,20.50,83.53,4.25,95.00, 2019-10-16 , 17:53:02.766242 
 dolphin,444,0.0000000,0.0000000,0,0,0,0,20.00,174.93,4.26,94.00, 2019-10-16 , 17:53:03.800333 
 dolphin,444,0.0000000,0.0000000,0,0,0,0,20.50,83.53,4.25,94.00, 2019-10-16 , 17:53:04.834740 
 dolphin,444,0.0000000,0.0000000,0,0,0,0,20.00,174.93,4.25,94.00, 2019-10-16 , 17:53:05.869214 
 dolphin,444,0.0000000,0.0000000,0,0,0,0,20.50,174.93,4.25,94.00, 2019-10-16 , 17:53:06.903735 
 dolphin,444,0.0000000,0.0000000,0,0,0,0,20.50,83.53,4.25,94.00, 2019-10-16 , 17:53:07.938250 
 dolphin,444,0.0000000,0.0000000,0,0,0,0,20.50,174.93,4.25,94.00, 2019-10-16 , 17:53:08.972801 
 dolphin,444,0.0000000,0.0000000,0,0,0,0,20.50,174.93,4.25,94.00, 2019-10-16 , 17:53:10.007428 
 dolphin,444,0.0000000,0.0000000,0,0,0,0,20.50,83.53,4.26,94.00, 2019-10-16 , 17:53:11.042279 
 dolphin,444,0.0000000,0.0000000,0,0,0,0,20.50,174.93,4.25,94.00, 2019-10-16 , 17:53:12.079484 
 dolphin,444,0.0000000,0.0000000,0,0,0,0,20.00,174.93,4.25,96.00, 2019-10-16 , 17:53:13.115378 
 dolphin,444,0.0000000,0.0000000,0,0,0,0,20.00,83.53,4.24,95.00, 2019-10-16 , 17:53:14.139931 
 dolphin,444,0.0000000,0.0000000,0,0,0,0,20.00,83.53,4.25,95.00, 2019-10-16 , 17:53:15.175620 
 dolphin,444,0.0000000,0.0000000,0,0,0,0,20.50,174.93,4.29,94.00, 2019-10-16 , 17:53:16.210050 
 dolphin,444,0.0000000,0.0000000,0,0,0,0,20.00,174.93,5.67,94.00, 2019-10-16 , 17:53:17.246845 
 dolphin,444,0.0000000,0.0000000,0,0,0,0,20.00,357.73,6.91,94.00, 2019-10-16 , 17:53:18.285996 
 dolphin,444,0.0000000,0.0000000,0,0,0,0,20.50,357.73,7.61,94.00, 2019-10-16 , 17:53:19.325952 
 dolphin,444,0.0000000,0.0000000,0,0,0,0,20.00,266.33,8.00,94.00, 2019-10-16 , 17:53:20.363355 
 dolphin,444,0.0000000,0.0000000,0,0,0,0,20.00,357.73,8.26,94.00, 2019-10-16 , 17:53:21.400228 
 dolphin,444,0.0000000,0.0000000,0,0,0,0,20.00,174.93,8.44,94.00, 2019-10-16 , 17:53:22.436816 
 dolphin,444,0.0000000,0.0000000,0,0,0,0,20.50,83.53,8.57,94.00, 2019-10-16 , 17:53:23.473507 
 dolphin,444,0.0000000,0.0000000,0,0,0,0,20.00,83.53,8.67,95.00, 2019-10-16 , 17:53:24.509826 
 dolphin,444,0.0000000,0.0000000,0,0,0,0,20.50,174.93,8.76,94.00, 2019-10-16 , 17:53:25.546541 
 dolphin,444,0.0000000,0.0000000,0,0,0,0,20.00,-99.27,8.83,95.00, 2019-10-16 , 17:53:26.582920 
 dolphin,444,0.0000000,0.0000000,0,0,0,0,20.00,83.53,8.88,94.00, 2019-10-16 , 17:53:27.620072 
 dolphin,444,0.0000000,0.0000000,0,0,0,0,20.50,-99.27,8.94,94.00, 2019-10-16 , 17:53:28.659525 
 dolphin,444,0.0000000,0.0000000,0,0,0,0,20.00,-7.87,8.98,94.00, 2019-10-16 , 17:53:29.698557 
 dolphin,444,0.0000000,0.0000000,0,0,0,0,20.00,266.33,9.03,94.00, 2019-10-16 , 17:53:30.737784 
 dolphin,444,0.0000000,0.0000000,0,0,0,0,20.00,-7.87,9.07,94.00, 2019-10-16 , 17:53:31.776998 
 dolphin,444,0.0000000,0.0000000,0,0,0,0,20.00,-99.27,9.10,94.00, 2019-10-16 , 17:53:32.816620 
 dolphin,444,0.0000000,0.0000000,0,0,0,0,20.00,174.93,9.14,94.00, 2019-10-16 , 17:53:33.856111 
 dolphin,444,0.0000000,0.0000000,0,0,0,0,20.00,357.73,9.17,94.00, 2019-10-16 , 17:53:34.895536 
 dolphin,444,0.0000000,0.0000000,0,0,0,0,20.00,357.73,9.20,94.00, 2019-10-16 , 17:53:35.934874 
 dolphin,444,0.0000000,0.0000000,0,0,0,0,20.00,83.53,9.23,94.00, 2019-10-16 , 17:53:36.974050 
 dolphin,444,0.0000000,0.0000000,0,0,0,0,20.50,449.13,9.25,94.00, 2019-10-16 , 17:53:38.013650 
 dolphin,444,0.0000000,0.0000000,0,0,0,0,20.00,-7.87,9.27,94.00, 2019-10-16 , 17:53:39.052440 
 dolphin,444,0.0000000,0.0000000,0,0,0,0,20.50,449.13,9.29,94.00, 2019-10-16 , 17:53:40.091893 
 dolphin,444,0.0000000,0.0000000,0,0,0,0,20.50,266.33,9.31,94.00, 2019-10-16 , 17:53:41.131331 
 dolphin,444,0.0000000,0.0000000,0,0,0,0,20.00,357.73,9.32,94.00, 2019-10-16 , 17:53:42.170489 
 dolphin,444,0.0000000,0.0000000,0,0,0,0,20.50,357.73,9.34,94.00, 2019-10-16 , 17:53:43.209746 
 dolphin,444,0.0000000,0.0000000,0,0,0,0,20.50,-99.27,9.35,94.00, 2019-10-16 , 17:53:44.247770 
 dolphin,444,0.0000000,0.0000000,0,0,0,0,20.00,266.33,9.37,95.00, 2019-10-16 , 17:53:45.283195 
 dolphin,444,0.0000000,0.0000000,0,0,0,0,20.50,174.93,9.38,95.00, 2019-10-16 , 17:53:46.318276 
 dolphin,444,0.0000000,0.0000000,0,0,0,0,20.50,174.93,9.39,95.00, 2019-10-16 , 17:53:47.353330 
 dolphin,444,0.0000000,0.0000000,0,0,0,0,20.50,357.73,9.40,94.00, 2019-10-16 , 17:53:48.388630 
 dolphin,444,0.0000000,0.0000000,0,0,0,0,20.00,357.73,9.41,95.00, 2019-10-16 , 17:53:49.423855 
 dolphin,444,0.0000000,0.0000000,0,0,0,0,20.00,-99.27,9.42,95.00, 2019-10-16 , 17:53:50.459077 
 dolphin,444,0.0000000,0.0000000,0,0,0,0,20.50,-99.27,9.43,95.00, 2019-10-16 , 17:53:51.494177 
 dolphin,444,0.0000000,0.0000000,0,0,0,0,20.00,449.13,9.43,95.00, 2019-10-16 , 17:53:52.528989 
 dolphin,444,0.0000000,0.0000000,0,0,0,0,20.50,266.33,9.44,95.00, 2019-10-16 , 17:53:53.563886 
 dolphin,444,0.0000000,0.0000000,0,0,0,0,20.00,266.33,9.45,95.00, 2019-10-16 , 17:53:54.599026 
 dolphin,444,0.0000000,0.0000000,0,0,0,0,20.00,83.53,9.45,95.00, 2019-10-16 , 17:53:55.633659 
 dolphin,444,0.0000000,0.0000000,0,0,0,0,20.00,357.73,9.46,95.00, 2019-10-16 , 17:53:56.668832 
 dolphin,444,0.0000000,0.0000000,0,0,0,0,20.00,174.93,9.47,95.00, 2019-10-16 , 17:53:57.703628 
 dolphin,444,0.0000000,0.0000000,0,0,0,0,20.00,-99.27,9.47,95.00, 2019-10-16 , 17:53:58.738870 
 dolphin,444,0.0000000,0.0000000,0,0,0,0,20.50,-7.87,9.48,95.00, 2019-10-16 , 17:53:59.773567 
 dolphin,444,0.0000000,0.0000000,0,0,0,0,20.00,83.53,9.49,95.00, 2019-10-16 , 17:54:00.808276 
 dolphin,444,0.0000000,0.0000000,0,0,0,0,20.50,449.13,9.49,94.00, 2019-10-16 , 17:54:01.844594 
 dolphin,444,0.0000000,0.0000000,0,0,0,0,20.00,83.53,9.50,94.00, 2019-10-16 , 17:54:02.883935 
 dolphin,444,0.0000000,0.0000000,0,0,0,0,20.50,174.93,9.51,94.00, 2019-10-16 , 17:54:03.923576 
 dolphin,444,0.0000000,0.0000000,0,0,0,0,20.00,174.93,9.51,94.00, 2019-10-16 , 17:54:04.962611 
 dolphin,444,0.0000000,0.0000000,0,0,0,0,20.00,-7.87,9.52,94.00, 2019-10-16 , 17:54:05.998720 
 dolphin,444,0.0000000,0.0000000,0,0,0,0,20.00,174.93,9.52,94.00, 2019-10-16 , 17:54:07.034665 
 dolphin,444,0.0000000,0.0000000,0,0,0,0,20.50,357.73,9.53,94.00, 2019-10-16 , 17:54:08.070706 
 dolphin,444,0.0000000,0.0000000,0,0,0,0,20.50,357.73,9.53,94.00, 2019-10-16 , 17:54:09.106691 
 dolphin,444,0.0000000,0.0000000,0,0,0,0,20.00,-7.87,9.53,94.00, 2019-10-16 , 17:54:10.142557 
 dolphin,444,0.0000000,0.0000000,0,0,0,0,20.00,357.73,9.54,94.00, 2019-10-16 , 17:54:11.180438 
 dolphin,444,0.0000000,0.0000000,0,0,0,0,20.50,357.73,9.54,94.00, 2019-10-16 , 17:54:12.219874 
 dolphin,444,0.0000000,0.0000000,0,0,0,0,20.50,174.93,9.55,94.00, 2019-10-16 , 17:54:13.260042 
 dolphin,444,0.0000000,0.0000000,0,0,0,0,20.00,357.73,9.55,94.00, 2019-10-16 , 17:54:14.299313 
 dolphin,444,0.0000000,0.0000000,0,0,0,0,20.00,449.13,9.56,94.00, 2019-10-16 , 17:54:15.339058 
 dolphin,444,0.0000000,0.0000000,0,0,0,0,20.00,83.53,9.56,94.00, 2019-10-16 , 17:54:16.378057 
 dolphin,444,0.0000000,0.0000000,0,0,0,0,20.00,357.73,9.57,94.00, 2019-10-16 , 17:54:17.417682 
 dolphin,444,0.0000000,0.0000000,0,0,0,0,20.00,-7.87,9.57,94.00, 2019-10-16 , 17:54:18.457461 
 dolphin,444,0.0000000,0.0000000,0,0,0,0,20.00,357.73,9.57,95.00, 2019-10-16 , 17:54:19.496691 
 dolphin,444,0.0000000,0.0000000,0,0,0,0,20.00,-99.27,9.58,95.00, 2019-10-16 , 17:54:20.532810 
 dolphin,444,0.0000000,0.0000000,0,0,0,0,20.00,-7.87,9.58,94.00, 2019-10-16 , 17:54:21.568697 
 dolphin,444,0.0000000,0.0000000,0,0,0,0,20.00,-7.87,9.59,94.00, 2019-10-16 , 17:54:22.604625 
 dolphin,444,0.0000000,0.0000000,0,0,0,0,20.50,266.33,9.59,94.00, 2019-10-16 , 17:54:23.640450 
 dolphin,444,0.0000000,0.0000000,0,0,0,0,20.50,449.13,9.60,94.00, 2019-10-16 , 17:54:24.676451 
 dolphin,444,0.0000000,0.0000000,0,0,0,0,20.00,449.13,9.60,94.00, 2019-10-16 , 17:54:25.712593 
 dolphin,444,0.0000000,0.0000000,0,0,0,0,20.00,357.73,9.60,94.00, 2019-10-16 , 17:54:26.748581 
 dolphin,444,0.0000000,0.0000000,0,0,0,0,20.50,83.53,9.61,94.00, 2019-10-16 , 17:54:27.784440 
 dolphin,444,0.0000000,0.0000000,0,0,0,0,20.00,449.13,9.62,94.00, 2019-10-16 , 17:54:29.858226 
 dolphin,444,0.0000000,0.0000000,0,0,0,0,20.00,266.33,9.62,94.00, 2019-10-16 , 17:54:30.896393 
 dolphin,444,0.0000000,0.0000000,0,0,0,0,20.50,-7.87,9.62,94.00, 2019-10-16 , 17:54:31.934064 
 dolphin,444,0.0000000,0.0000000,0,0,0,0,20.50,83.53,9.63,94.00, 2019-10-16 , 17:54:32.971927 
 dolphin,444,0.0000000,0.0000000,0,0,0,0,20.50,266.33,9.63,94.00, 2019-10-16 , 17:54:34.009997 
 dolphin,444,0.0000000,0.0000000,0,0,0,0,20.00,449.13,9.64,94.00, 2019-10-16 , 17:54:35.048224 
 dolphin,444,0.0000000,0.0000000,0,0,0,0,20.00,357.73,9.64,94.00, 2019-10-16 , 17:54:36.086181 
 dolphin,444,0.0000000,0.0000000,0,0,0,0,20.00,174.93,9.64,94.00, 2019-10-16 , 17:54:37.124267 
 dolphin,444,0.0000000,0.0000000,0,0,0,0,20.50,449.13,9.65,94.00, 2019-10-16 , 17:54:38.162211 
 dolphin,444,0.0000000,0.0000000,0,0,0,0,20.00,-7.87,9.65,94.00, 2019-10-16 , 17:54:39.200423 
 dolphin,444,0.0000000,0.0000000,0,0,0,0,20.00,174.93,9.66,94.00, 2019-10-16 , 17:54:40.238487 
 dolphin,444,0.0000000,0.0000000,0,0,0,0,20.00,266.33,9.66,94.00, 2019-10-16 , 17:54:41.276455 
 dolphin,444,0.0000000,0.0000000,0,0,0,0,20.50,357.73,9.66,94.00, 2019-10-16 , 17:54:42.314707 
 dolphin,444,0.0000000,0.0000000,0,0,0,0,20.00,-7.87,9.67,94.00, 2019-10-16 , 17:54:43.352495 
 dolphin,444,0.0000000,0.0000000,0,0,0,0,20.00,83.53,9.67,94.00, 2019-10-16 , 17:54:44.390606 
 dolphin,444,0.0000000,0.0000000,0,0,0,0,20.00,266.33,9.67,94.00, 2019-10-16 , 17:54:45.429045 
 dolphin,444,0.0000000,0.0000000,0,0,0,0,20.00,-99.27,9.67,95.00, 2019-10-16 , 17:54:46.467811 
 dolphin,444,0.0000000,0.0000000,0,0,0,0,20.50,-99.27,9.68,95.00, 2019-10-16 , 17:54:47.506691 
 dolphin,444,0.0000000,0.0000000,0,0,0,0,20.50,449.13,9.68,94.00, 2019-10-16 , 17:54:48.545811 
 dolphin,444,0.0000000,0.0000000,0,0,0,0,20.00,174.93,9.69,94.00, 2019-10-16 , 17:54:49.585060 
 dolphin,444,0.0000000,0.0000000,0,0,0,0,20.00,449.13,9.69,94.00, 2019-10-16 , 17:54:50.624210 
 dolphin,444,0.0000000,0.0000000,0,0,0,0,20.50,83.53,9.69,94.00, 2019-10-16 , 17:54:51.663463 
 dolphin,444,0.0000000,0.0000000,0,0,0,0,20.50,-99.27,9.70,94.00, 2019-10-16 , 17:54:52.703104 
 dolphin,444,0.0000000,0.0000000,0,0,0,0,20.00,-190.67,9.70,94.00, 2019-10-16 , 17:54:53.742560 
 dolphin,444,0.0000000,0.0000000,0,0,0,0,20.00,83.53,9.70,94.00, 2019-10-16 , 17:54:54.782315 
 dolphin,444,0.0000000,0.0000000,0,0,0,0,20.00,-99.27,9.70,94.00, 2019-10-16 , 17:54:55.821580 
 dolphin,444,0.0000000,0.0000000,0,0,0,0,20.50,-99.27,9.71,94.00, 2019-10-16 , 17:54:56.861610 
 dolphin,444,0.0000000,0.0000000,0,0,0,0,20.50,449.13,9.71,94.00, 2019-10-16 , 17:54:57.901121 
 dolphin,444,0.0000000,0.0000000,0,0,0,0,20.00,174.93,9.72,94.00, 2019-10-16 , 17:54:58.941179 
 dolphin,444,0.0000000,0.0000000,0,0,0,0,20.50,266.33,9.72,94.00, 2019-10-16 , 17:54:59.980566 
 dolphin,444,0.0000000,0.0000000,0,0,0,0,20.50,83.53,9.72,94.00, 2019-10-16 , 17:55:01.020374 
 dolphin,444,0.0000000,0.0000000,0,0,0,0,20.50,-7.87,9.73,94.00, 2019-10-16 , 17:55:02.060209 
 dolphin,444,0.0000000,0.0000000,0,0,0,0,20.00,-7.87,9.73,94.00, 2019-10-16 , 17:55:03.099378 
 dolphin,444,0.0000000,0.0000000,0,0,0,0,20.00,83.53,9.73,94.00, 2019-10-16 , 17:55:04.138710 
 dolphin,444,0.0000000,0.0000000,0,0,0,0,20.00,357.73,9.73,94.00, 2019-10-16 , 17:55:05.177640 
 dolphin,444,0.0000000,0.0000000,0,0,0,0,20.50,357.73,9.74,94.00, 2019-10-16 , 17:55:06.217237 
 dolphin,444,0.0000000,0.0000000,0,0,0,0,20.00,83.53,9.74,94.00, 2019-10-16 , 17:55:07.256024 
 dolphin,444,0.0000000,0.0000000,0,0,0,0,20.50,-7.87,9.74,94.00, 2019-10-16 , 17:55:08.295392 
 dolphin,444,0.0000000,0.0000000,0,0,0,0,20.50,449.13,9.75,94.00, 2019-10-16 , 17:55:09.334511 
 dolphin,444,0.0000000,0.0000000,0,0,0,0,20.00,83.53,9.75,94.00, 2019-10-16 , 17:55:10.373612 
 dolphin,444,0.0000000,0.0000000,0,0,0,0,20.00,-99.27,9.75,94.00, 2019-10-16 , 17:55:11.412609 
 dolphin,444,0.0000000,0.0000000,0,0,0,0,20.00,357.73,9.76,94.00, 2019-10-16 , 17:55:12.451536 
 dolphin,444,0.0000000,0.0000000,0,0,0,0,20.50,266.33,9.76,94.00, 2019-10-16 , 17:55:13.490817 
 dolphin,444,0.0000000,0.0000000,0,0,0,0,20.50,449.13,9.76,94.00, 2019-10-16 , 17:55:14.530123 
 dolphin,444,0.0000000,0.0000000,0,0,0,0,20.00,174.93,9.77,94.00, 2019-10-16 , 17:55:15.569066 
 dolphin,444,0.0000000,0.0000000,0,0,0,0,20.00,449.13,9.77,94.00, 2019-10-16 , 17:55:16.608409 
 dolphin,444,0.0000000,0.0000000,0,0,0,0,20.50,266.33,9.77,94.00, 2019-10-16 , 17:55:17.647396 
 dolphin,444,0.0000000,0.0000000,0,0,0,0,20.50,540.53,9.77,94.00, 2019-10-16 , 17:55:18.686506 
 dolphin,444,0.0000000,0.0000000,0,0,0,0,20.00,266.33,9.77,94.00, 2019-10-16 , 17:55:19.725453 
 dolphin,444,0.0000000,0.0000000,0,0,0,0,20.50,83.53,9.78,94.00, 2019-10-16 , 17:55:20.764527 
 dolphin,444,0.0000000,0.0000000,0,0,0,0,20.00,174.93,9.78,94.00, 2019-10-16 , 17:55:21.799511 
 dolphin,444,0.0000000,0.0000000,0,0,0,0,20.50,83.53,9.78,94.00, 2019-10-16 , 17:55:22.834546 
 dolphin,444,0.0000000,0.0000000,0,0,0,0,20.00,83.53,9.79,94.00, 2019-10-16 , 17:55:23.869625 
 dolphin,444,0.0000000,0.0000000,0,0,0,0,20.50,266.33,9.79,94.00, 2019-10-16 , 17:55:24.904537 
 dolphin,444,0.0000000,0.0000000,0,0,0,0,20.00,174.93,9.79,94.00, 2019-10-16 , 17:55:25.939295 
 dolphin,444,0.0000000,0.0000000,0,0,0,0,20.00,-99.27,9.79,94.00, 2019-10-16 , 17:55:26.974131 
 dolphin,444,0.0000000,0.0000000,0,0,0,0,20.00,266.33,9.80,94.00, 2019-10-16 , 17:55:28.009229 
 dolphin,444,0.0000000,0.0000000,0,0,0,0,20.00,-190.67,9.80,94.00, 2019-10-16 , 17:55:29.046054 
 dolphin,444,0.0000000,0.0000000,0,0,0,0,20.50,83.53,9.80,94.00, 2019-10-16 , 17:55:30.085698 
 dolphin,444,0.0000000,0.0000000,0,0,0,0,20.50,174.93,9.80,94.00, 2019-10-16 , 17:55:31.125409 
 dolphin,444,0.0000000,0.0000000,0,0,0,0,20.00,-99.27,9.80,94.00, 2019-10-16 , 17:55:32.164884 
 dolphin,444,0.0000000,0.0000000,0,0,0,0,20.00,174.93,9.80,94.00, 2019-10-16 , 17:55:33.204651 
 dolphin,444,0.0000000,0.0000000,0,0,0,0,20.00,-7.87,9.81,94.00, 2019-10-16 , 17:55:34.244250 
 dolphin,444,0.0000000,0.0000000,0,0,0,0,20.50,266.33,9.81,94.00, 2019-10-16 , 17:55:35.283835 
 dolphin,444,0.0000000,0.0000000,0,0,0,0,20.50,357.73,9.81,94.00, 2019-10-16 , 17:55:36.323593 
 dolphin,444,0.0000000,0.0000000,0,0,0,0,20.00,-99.27,9.81,94.00, 2019-10-16 , 17:55:37.360318 
 dolphin,444,0.0000000,0.0000000,0,0,0,0,20.00,357.73,9.82,94.00, 2019-10-16 , 17:55:38.395052 
 dolphin,444,0.0000000,0.0000000,0,0,0,0,20.50,174.93,9.82,95.00, 2019-10-16 , 17:55:39.429659 
 dolphin,444,0.0000000,0.0000000,0,0,0,0,20.50,-99.27,9.82,95.00, 2019-10-16 , 17:55:40.464542 
 dolphin,444,0.0000000,0.0000000,0,0,0,0,20.50,83.53,9.82,95.00, 2019-10-16 , 17:55:41.499010 
 dolphin,444,0.0000000,0.0000000,0,0,0,0,20.50,449.13,9.82,94.00, 2019-10-16 , 17:55:42.533896 
 dolphin,444,0.0000000,0.0000000,0,0,0,0,20.50,174.93,9.82,94.00, 2019-10-16 , 17:55:43.568651 
 dolphin,444,0.0000000,0.0000000,0,0,0,0,20.50,-99.27,9.83,94.00, 2019-10-16 , 17:55:44.603285 
 dolphin,444,0.0000000,0.0000000,0,0,0,0,20.50,83.53,9.83,94.00, 2019-10-16 , 17:55:45.637955 
 dolphin,444,0.0000000,0.0000000,0,0,0,0,20.50,-99.27,9.83,94.00, 2019-10-16 , 17:55:46.672689 
 dolphin,444,0.0000000,0.0000000,0,0,0,0,20.50,449.13,9.83,94.00, 2019-10-16 , 17:55:47.707510 
 dolphin,444,0.0000000,0.0000000,0,0,0,0,20.50,357.73,9.83,94.00, 2019-10-16 , 17:55:48.742466 
 dolphin,444,0.0000000,0.0000000,0,0,0,0,20.50,174.93,9.83,94.00, 2019-10-16 , 17:55:49.777013 
 dolphin,444,0.0000000,0.0000000,0,0,0,0,20.50,357.73,9.83,94.00, 2019-10-16 , 17:55:50.812171 
 dolphin,444,0.0000000,0.0000000,0,0,0,0,20.00,-99.27,9.84,94.00, 2019-10-16 , 17:55:51.846644 
 dolphin,444,0.0000000,0.0000000,0,0,0,0,20.00,-7.87,9.84,94.00, 2019-10-16 , 17:55:52.881027 
 dolphin,444,0.0000000,0.0000000,0,0,0,0,20.50,174.93,9.84,94.00, 2019-10-16 , 17:55:53.916290 
 dolphin,444,0.0000000,0.0000000,0,0,0,0,20.00,449.13,9.84,94.00, 2019-10-16 , 17:55:54.951003 
 dolphin,444,0.0000000,0.0000000,0,0,0,0,20.00,266.33,9.84,94.00, 2019-10-16 , 17:55:55.985441 
 dolphin,444,0.0000000,0.0000000,0,0,0,0,20.50,357.73,9.84,94.00, 2019-10-16 , 17:55:57.020280 
 dolphin,444,0.0000000,0.0000000,0,0,0,0,20.50,-7.87,9.84,94.00, 2019-10-16 , 17:55:58.054701 
 dolphin,444,0.0000000,0.0000000,0,0,0,0,20.00,174.93,9.84,94.00, 2019-10-16 , 17:55:59.089559 
 dolphin,444,0.0000000,0.0000000,0,0,0,0,20.00,266.33,9.84,94.00, 2019-10-16 , 17:56:00.125650 
 dolphin,444,0.0000000,0.0000000,0,0,0,0,20.00,174.93,9.84,94.00, 2019-10-16 , 17:56:01.164505 
 dolphin,444,0.0000000,0.0000000,0,0,0,0,20.00,357.73,9.85,94.00, 2019-10-16 , 17:56:02.203435 
 dolphin,444,0.0000000,0.0000000,0,0,0,0,20.50,-7.87,9.85,94.00, 2019-10-16 , 17:56:03.242264 
 dolphin,444,0.0000000,0.0000000,0,0,0,0,20.00,266.33,9.85,94.00, 2019-10-16 , 17:56:04.281284 
 dolphin,444,0.0000000,0.0000000,0,0,0,0,20.00,174.93,9.85,94.00, 2019-10-16 , 17:56:05.319849 
 dolphin,444,0.0000000,0.0000000,0,0,0,0,20.50,266.33,9.85,94.00, 2019-10-16 , 17:56:06.359027 
 dolphin,444,0.0000000,0.0000000,0,0,0,0,20.50,-7.87,9.85,94.00, 2019-10-16 , 17:56:07.397528 
 dolphin,444,0.0000000,0.0000000,0,0,0,0,20.00,357.73,9.85,95.00, 2019-10-16 , 17:56:08.434560 
 dolphin,444,0.0000000,0.0000000,0,0,0,0,20.00,83.53,9.86,95.00, 2019-10-16 , 17:56:09.469414 
 dolphin,444,0.0000000,0.0000000,0,0,0,0,20.50,357.73,9.86,94.00, 2019-10-16 , 17:56:10.504767 
 dolphin,444,0.0000000,0.0000000,0,0,0,0,20.50,357.73,9.86,94.00, 2019-10-16 , 17:56:11.539582 
 dolphin,444,0.0000000,0.0000000,0,0,0,0,20.50,449.13,9.86,94.00, 2019-10-16 , 17:56:12.574875 
 dolphin,444,0.0000000,0.0000000,0,0,0,0,20.50,266.33,9.86,94.00, 2019-10-16 , 17:56:13.609831 
 dolphin,444,0.0000000,0.0000000,0,0,0,0,20.00,174.93,9.86,94.00, 2019-10-16 , 17:56:14.645178 
 dolphin,444,0.0000000,0.0000000,0,0,0,0,20.00,449.13,9.86,94.00, 2019-10-16 , 17:56:15.679876 
 dolphin,444,0.0000000,0.0000000,0,0,0,0,20.50,266.33,9.86,94.00, 2019-10-16 , 17:56:16.714786 
 dolphin,444,0.0000000,0.0000000,0,0,0,0,20.00,357.73,9.86,94.00, 2019-10-16 , 17:56:17.751656 
 dolphin,444,0.0000000,0.0000000,0,0,0,0,20.50,-99.27,9.86,94.00, 2019-10-16 , 17:56:18.791366 
 dolphin,444,0.0000000,0.0000000,0,0,0,0,20.00,174.93,9.86,94.00, 2019-10-16 , 17:56:19.831117 
 dolphin,444,0.0000000,0.0000000,0,0,0,0,20.50,83.53,9.87,94.00, 2019-10-16 , 17:56:20.870625 
 dolphin,444,0.0000000,0.0000000,0,0,0,0,20.00,266.33,9.87,94.00, 2019-10-16 , 17:56:21.910221 
 dolphin,444,0.0000000,0.0000000,0,0,0,0,20.00,-7.87,9.87,94.00, 2019-10-16 , 17:56:22.949441 
 dolphin,444,0.0000000,0.0000000,0,0,0,0,20.00,266.33,9.87,94.00, 2019-10-16 , 17:56:23.989288 
 dolphin,444,0.0000000,0.0000000,0,0,0,0,20.50,-7.87,9.87,94.00, 2019-10-16 , 17:56:25.028835 
 dolphin,444,0.0000000,0.0000000,0,0,0,0,20.00,-7.87,9.87,94.00, 2019-10-16 , 17:56:26.064462 
 dolphin,444,0.0000000,0.0000000,0,0,0,0,20.50,83.53,9.87,94.00, 2019-10-16 , 17:56:27.099259 
 dolphin,444,0.0000000,0.0000000,0,0,0,0,20.50,-7.87,9.87,94.00, 2019-10-16 , 17:56:28.134299 
 dolphin,444,0.0000000,0.0000000,0,0,0,0,20.50,449.13,9.87,94.00, 2019-10-16 , 17:56:29.169427 
 dolphin,444,0.0000000,0.0000000,0,0,0,0,20.50,449.13,9.87,94.00, 2019-10-16 , 17:56:30.204695 
 dolphin,444,0.0000000,0.0000000,0,0,0,0,20.00,266.33,9.87,94.00, 2019-10-16 , 17:56:31.239399 
 dolphin,444,0.0000000,0.0000000,0,0,0,0,20.00,-7.87,9.87,94.00, 2019-10-16 , 17:56:32.274709 
 dolphin,444,0.0000000,0.0000000,0,0,0,0,20.00,-7.87,9.88,94.00, 2019-10-16 , 17:56:33.309277 
 dolphin,444,0.0000000,0.0000000,0,0,0,0,20.50,357.73,9.88,94.00, 2019-10-16 , 17:56:34.344558 
 dolphin,444,0.0000000,0.0000000,0,0,0,0,20.50,174.93,9.88,94.00, 2019-10-16 , 17:56:35.379803 
 dolphin,444,0.0000000,0.0000000,0,0,0,0,20.50,266.33,9.88,94.00, 2019-10-16 , 17:56:36.415066 
 dolphin,444,0.0000000,0.0000000,0,0,0,0,20.50,449.13,9.88,95.00, 2019-10-16 , 17:56:37.449976 
 dolphin,444,0.0000000,0.0000000,0,0,0,0,20.50,357.73,9.88,95.00, 2019-10-16 , 17:56:38.484714 
 dolphin,444,0.0000000,0.0000000,0,0,0,0,20.00,266.33,9.88,95.00, 2019-10-16 , 17:56:39.519798 
 dolphin,444,0.0000000,0.0000000,0,0,0,0,20.00,83.53,9.88,94.00, 2019-10-16 , 17:56:40.554766 
 dolphin,444,0.0000000,0.0000000,0,0,0,0,20.00,174.93,9.88,94.00, 2019-10-16 , 17:56:41.589951 
 dolphin,444,0.0000000,0.0000000,0,0,0,0,20.50,-7.87,9.88,94.00, 2019-10-16 , 17:56:42.625029 
 dolphin,444,0.0000000,0.0000000,0,0,0,0,20.50,-99.27,9.88,94.00, 2019-10-16 , 17:56:43.660484 
 dolphin,444,0.0000000,0.0000000,0,0,0,0,20.50,83.53,9.88,94.00, 2019-10-16 , 17:56:44.695833 
 dolphin,444,0.0000000,0.0000000,0,0,0,0,20.00,449.13,9.88,94.00, 2019-10-16 , 17:56:45.730825 
 dolphin,444,0.0000000,0.0000000,0,0,0,0,20.50,174.93,9.88,94.00, 2019-10-16 , 17:56:46.766344 
 dolphin,444,0.0000000,0.0000000,0,0,0,0,20.50,-7.87,9.89,94.00, 2019-10-16 , 17:56:47.801574 
 dolphin,444,0.0000000,0.0000000,0,0,0,0,20.50,-190.67,9.88,94.00, 2019-10-16 , 17:56:48.836780 
 dolphin,444,0.0000000,0.0000000,0,0,0,0,20.50,357.73,9.89,94.00, 2019-10-16 , 17:56:49.872076 
 dolphin,444,0.0000000,0.0000000,0,0,0,0,20.50,174.93,9.89,94.00, 2019-10-16 , 17:56:50.907152 
 dolphin,444,0.0000000,0.0000000,0,0,0,0,20.00,174.93,9.89,94.00, 2019-10-16 , 17:56:51.942524 
 dolphin,444,0.0000000,0.0000000,0,0,0,0,20.50,266.33,9.89,94.00, 2019-10-16 , 17:56:52.977525 
 dolphin,444,0.0000000,0.0000000,0,0,0,0,20.50,449.13,9.89,94.00, 2019-10-16 , 17:56:54.012815 
 dolphin,444,0.0000000,0.0000000,0,0,0,0,20.50,449.13,9.89,94.00, 2019-10-16 , 17:56:55.047822 
 dolphin,444,0.0000000,0.0000000,0,0,0,0,20.50,83.53,9.89,94.00, 2019-10-16 , 17:56:56.082749 
 dolphin,444,0.0000000,0.0000000,0,0,0,0,20.50,-190.67,9.89,94.00, 2019-10-16 , 17:56:57.118009 
 dolphin,444,0.0000000,0.0000000,0,0,0,0,20.50,174.93,9.89,94.00, 2019-10-16 , 17:56:58.153021 
 dolphin,444,0.0000000,0.0000000,0,0,0,0,20.50,266.33,9.90,94.00, 2019-10-16 , 17:56:59.187697 
 dolphin,444,0.0000000,0.0000000,0,0,0,0,20.00,266.33,9.90,94.00, 2019-10-16 , 17:57:00.222443 
 dolphin,444,0.0000000,0.0000000,0,0,0,0,20.50,266.33,9.89,94.00, 2019-10-16 , 17:57:01.257362 
 dolphin,444,0.0000000,0.0000000,0,0,0,0,20.50,357.73,9.90,94.00, 2019-10-16 , 17:57:02.291992 
 dolphin,444,0.0000000,0.0000000,0,0,0,0,20.00,83.53,9.90,94.00, 2019-10-16 , 17:57:03.326846 
 dolphin,444,0.0000000,0.0000000,0,0,0,0,20.50,174.93,9.90,94.00, 2019-10-16 , 17:57:04.361276 
 dolphin,444,0.0000000,0.0000000,0,0,0,0,20.50,83.53,9.90,95.00, 2019-10-16 , 17:57:05.396085 
 dolphin,444,0.0000000,0.0000000,0,0,0,0,20.00,83.53,9.90,95.00, 2019-10-16 , 17:57:06.432811 
 dolphin,444,0.0000000,0.0000000,0,0,0,0,20.50,83.53,9.90,95.00, 2019-10-16 , 17:57:07.469971 
 dolphin,444,0.0000000,0.0000000,0,0,0,0,20.50,83.53,9.90,94.00, 2019-10-16 , 17:57:08.506842 
 dolphin,444,0.0000000,0.0000000,0,0,0,0,20.50,174.93,9.90,94.00, 2019-10-16 , 17:57:09.543940 
 dolphin,444,0.0000000,0.0000000,0,0,0,0,20.50,174.93,9.90,94.00, 2019-10-16 , 17:57:10.581016 
 dolphin,444,0.0000000,0.0000000,0,0,0,0,20.00,-7.87,9.90,94.00, 2019-10-16 , 17:57:11.617885 
 dolphin,444,0.0000000,0.0000000,0,0,0,0,20.50,357.73,9.90,94.00, 2019-10-16 , 17:57:12.655151 
 dolphin,444,0.0000000,0.0000000,0,0,0,0,20.50,-7.87,9.90,94.00, 2019-10-16 , 17:57:13.691658 
 dolphin,444,0.0000000,0.0000000,0,0,0,0,20.50,357.73,9.90,94.00, 2019-10-16 , 17:57:14.730714 
 dolphin,444,0.0000000,0.0000000,0,0,0,0,20.50,-99.27,9.90,94.00, 2019-10-16 , 17:57:15.769445 
 dolphin,444,0.0000000,0.0000000,0,0,0,0,20.50,449.13,9.90,94.00, 2019-10-16 , 17:57:16.808314 
 dolphin,444,0.0000000,0.0000000,0,0,0,0,20.00,-99.27,9.90,94.00, 2019-10-16 , 17:57:17.847275 
 dolphin,444,0.0000000,0.0000000,0,0,0,0,20.50,357.73,9.91,94.00, 2019-10-16 , 17:57:18.886010 
 dolphin,444,0.0000000,0.0000000,0,0,0,0,20.00,83.53,9.91,94.00, 2019-10-16 , 17:57:19.924905 
 dolphin,444,0.0000000,0.0000000,0,0,0,0,20.00,-7.87,9.91,94.00, 2019-10-16 , 17:57:20.963762 
 dolphin,444,0.0000000,0.0000000,0,0,0,0,20.50,357.73,9.91,94.00, 2019-10-16 , 17:57:22.002339 
 dolphin,444,0.0000000,0.0000000,0,0,0,0,20.00,-7.87,9.91,94.00, 2019-10-16 , 17:57:23.039407 
 dolphin,444,0.0000000,0.0000000,0,0,0,0,20.50,357.73,9.91,94.00, 2019-10-16 , 17:57:24.076243 
 dolphin,444,0.0000000,0.0000000,0,0,0,0,20.00,-99.27,9.91,94.00, 2019-10-16 , 17:57:25.113397 
 dolphin,444,0.0000000,0.0000000,0,0,0,0,20.00,83.53,9.91,94.00, 2019-10-16 , 17:57:26.150470 
 dolphin,444,0.0000000,0.0000000,0,0,0,0,20.00,83.53,9.91,94.00, 2019-10-16 , 17:57:27.187518 
 dolphin,444,0.0000000,0.0000000,0,0,0,0,20.50,266.33,9.91,94.00, 2019-10-16 , 17:57:28.224677 
 dolphin,444,0.0000000,0.0000000,0,0,0,0,20.50,449.13,9.91,94.00, 2019-10-16 , 17:57:29.262041 
 dolphin,444,0.0000000,0.0000000,0,0,0,0,20.50,83.53,9.91,94.00, 2019-10-16 , 17:57:30.299079 
 dolphin,444,0.0000000,0.0000000,0,0,0,0,20.00,174.93,9.91,94.00, 2019-10-16 , 17:57:31.338832 
 dolphin,444,0.0000000,0.0000000,0,0,0,0,20.50,266.33,9.91,94.00, 2019-10-16 , 17:57:32.378457 
 dolphin,444,0.0000000,0.0000000,0,0,0,0,20.50,357.73,9.91,94.00, 2019-10-16 , 17:57:33.418180 
 dolphin,444,0.0000000,0.0000000,0,0,0,0,20.50,357.73,9.91,95.00, 2019-10-16 , 17:57:34.457748 
 dolphin,444,0.0000000,0.0000000,0,0,0,0,20.00,266.33,9.91,94.00, 2019-10-16 , 17:57:35.497367 
 dolphin,444,0.0000000,0.0000000,0,0,0,0,20.50,449.13,9.91,94.00, 2019-10-16 , 17:57:36.537095 
 dolphin,444,0.0000000,0.0000000,0,0,0,0,20.00,174.93,9.92,94.00, 2019-10-16 , 17:57:37.576693 
 dolphin,444,0.0000000,0.0000000,0,0,0,0,20.50,357.73,9.92,94.00, 2019-10-16 , 17:57:38.616401 
 dolphin,444,0.0000000,0.0000000,0,0,0,0,20.50,449.13,9.92,94.00, 2019-10-16 , 17:57:39.655865 
 dolphin,444,0.0000000,0.0000000,0,0,0,0,20.00,357.73,9.92,94.00, 2019-10-16 , 17:57:40.695458 
 dolphin,444,0.0000000,0.0000000,0,0,0,0,20.50,266.33,9.92,94.00, 2019-10-16 , 17:57:41.734948 
 dolphin,444,0.0000000,0.0000000,0,0,0,0,20.50,174.93,9.92,94.00, 2019-10-16 , 17:57:42.774379 
 dolphin,444,0.0000000,0.0000000,0,0,0,0,20.00,266.33,9.92,94.00, 2019-10-16 , 17:57:43.813886 
 dolphin,444,0.0000000,0.0000000,0,0,0,0,20.00,-99.27,9.92,94.00, 2019-10-16 , 17:57:44.853405 
 dolphin,444,0.0000000,0.0000000,0,0,0,0,20.00,357.73,9.92,94.00, 2019-10-16 , 17:57:45.892433 
 dolphin,444,0.0000000,0.0000000,0,0,0,0,20.00,357.73,9.92,94.00, 2019-10-16 , 17:57:46.930681 
 dolphin,444,0.0000000,0.0000000,0,0,0,0,20.50,174.93,9.92,94.00, 2019-10-16 , 17:57:47.966178 
 dolphin,444,0.0000000,0.0000000,0,0,0,0,20.50,357.73,9.92,94.00, 2019-10-16 , 17:57:49.001428 
 dolphin,444,0.0000000,0.0000000,0,0,0,0,20.00,-7.87,9.92,94.00, 2019-10-16 , 17:57:50.036603 
 dolphin,444,0.0000000,0.0000000,0,0,0,0,20.50,266.33,9.92,94.00, 2019-10-16 , 17:57:51.071725 
 dolphin,444,0.0000000,0.0000000,0,0,0,0,20.00,266.33,9.92,94.00, 2019-10-16 , 17:57:52.106926 
 dolphin,444,0.0000000,0.0000000,0,0,0,0,20.00,266.33,9.92,94.00, 2019-10-16 , 17:57:53.141920 
 dolphin,444,0.0000000,0.0000000,0,0,0,0,20.50,-99.27,9.92,94.00, 2019-10-16 , 17:57:54.177156 
 dolphin,444,0.0000000,0.0000000,0,0,0,0,20.50,266.33,9.92,95.00, 2019-10-16 , 17:57:55.212373 
 dolphin,444,0.0000000,0.0000000,0,0,0,0,20.00,174.93,9.92,95.00, 2019-10-16 , 17:57:56.247125 
 dolphin,444,0.0000000,0.0000000,0,0,0,0,20.50,-7.87,9.92,94.00, 2019-10-16 , 17:57:57.281924 
 dolphin,444,0.0000000,0.0000000,0,0,0,0,20.50,-7.87,9.92,95.00, 2019-10-16 , 17:57:58.316496 
 dolphin,444,0.0000000,0.0000000,0,0,0,0,20.50,357.73,9.92,94.00, 2019-10-16 , 17:57:59.351308 
 dolphin,444,0.0000000,0.0000000,0,0,0,0,20.50,357.73,9.92,95.00, 2019-10-16 , 17:58:00.386700 
 dolphin,444,0.0000000,0.0000000,0,0,0,0,20.50,-7.87,9.92,94.00, 2019-10-16 , 17:58:01.421578 
 dolphin,444,0.0000000,0.0000000,0,0,0,0,20.50,357.73,9.92,95.00, 2019-10-16 , 17:58:02.456316 
 dolphin,444,0.0000000,0.0000000,0,0,0,0,20.50,174.93,9.92,95.00, 2019-10-16 , 17:58:03.491089 
 dolphin,444,0.0000000,0.0000000,0,0,0,0,20.50,357.73,9.92,94.00, 2019-10-16 , 17:58:04.526849 
 dolphin,444,0.0000000,0.0000000,0,0,0,0,20.50,83.53,9.93,94.00, 2019-10-16 , 17:58:05.566772 
 dolphin,444,0.0000000,0.0000000,0,0,0,0,20.50,174.93,9.93,94.00, 2019-10-16 , 17:58:06.606070 
 dolphin,444,0.0000000,0.0000000,0,0,0,0,20.00,83.53,9.93,94.00, 2019-10-16 , 17:58:07.644950 
 dolphin,444,0.0000000,0.0000000,0,0,0,0,20.50,-99.27,9.93,94.00, 2019-10-16 , 17:58:08.681066 
 dolphin,444,0.0000000,0.0000000,0,0,0,0,20.50,449.13,9.93,94.00, 2019-10-16 , 17:58:09.717148 
 dolphin,444,0.0000000,0.0000000,0,0,0,0,20.50,83.53,9.93,94.00, 2019-10-16 , 17:58:10.753364 
 dolphin,444,0.0000000,0.0000000,0,0,0,0,20.00,-99.27,9.93,94.00, 2019-10-16 , 17:58:11.789516 
 dolphin,444,0.0000000,0.0000000,0,0,0,0,20.50,-190.67,9.93,94.00, 2019-10-16 , 17:58:12.825458 
 dolphin,444,0.0000000,0.0000000,0,0,0,0,20.50,174.93,9.93,94.00, 2019-10-16 , 17:58:13.862451 
 dolphin,444,0.0000000,0.0000000,0,0,0,0,20.00,357.73,9.93,94.00, 2019-10-16 , 17:58:14.901938 
 dolphin,444,0.0000000,0.0000000,0,0,0,0,20.50,266.33,9.93,94.00, 2019-10-16 , 17:58:15.941325 
 dolphin,444,0.0000000,0.0000000,0,0,0,0,20.00,357.73,9.93,94.00, 2019-10-16 , 17:58:16.980964 
 dolphin,444,0.0000000,0.0000000,0,0,0,0,20.50,174.93,9.93,94.00, 2019-10-16 , 17:58:18.020730 
 dolphin,444,0.0000000,0.0000000,0,0,0,0,20.50,83.53,9.93,94.00, 2019-10-16 , 17:58:19.060428 
 dolphin,444,0.0000000,0.0000000,0,0,0,0,20.50,174.93,9.93,94.00, 2019-10-16 , 17:58:20.100175 
 dolphin,444,0.0000000,0.0000000,0,0,0,0,20.50,-7.87,9.93,94.00, 2019-10-16 , 17:58:21.139615 
 dolphin,444,0.0000000,0.0000000,0,0,0,0,20.50,266.33,9.93,94.00, 2019-10-16 , 17:58:22.179306 
 dolphin,444,0.0000000,0.0000000,0,0,0,0,20.50,174.93,9.93,94.00, 2019-10-16 , 17:58:23.215376 
 dolphin,444,0.0000000,0.0000000,0,0,0,0,20.50,449.13,9.93,94.00, 2019-10-16 , 17:58:24.251045 
 dolphin,444,0.0000000,0.0000000,0,0,0,0,20.50,174.93,9.93,94.00, 2019-10-16 , 17:58:25.287156 
 dolphin,444,0.0000000,0.0000000,0,0,0,0,20.50,449.13,9.93,94.00, 2019-10-16 , 17:58:26.322584 
 dolphin,444,0.0000000,0.0000000,0,0,0,0,20.50,-99.27,9.93,94.00, 2019-10-16 , 17:58:27.358814 
 dolphin,444,0.0000000,0.0000000,0,0,0,0,20.50,266.33,9.93,95.00, 2019-10-16 , 17:58:28.394176 
 dolphin,444,0.0000000,0.0000000,0,0,0,0,20.00,83.53,9.93,95.00, 2019-10-16 , 17:58:29.430152 
 dolphin,444,0.0000000,0.0000000,0,0,0,0,20.50,-99.27,9.93,95.00, 2019-10-16 , 17:58:30.465908 
 dolphin,444,0.0000000,0.0000000,0,0,0,0,20.50,-99.27,9.93,95.00, 2019-10-16 , 17:58:31.501529 
 dolphin,444,0.0000000,0.0000000,0,0,0,0,20.50,-7.87,9.93,94.00, 2019-10-16 , 17:58:32.539457 
 dolphin,444,0.0000000,0.0000000,0,0,0,0,20.00,357.73,9.93,94.00, 2019-10-16 , 17:58:33.576942 
 dolphin,444,0.0000000,0.0000000,0,0,0,0,20.50,449.13,9.93,94.00, 2019-10-16 , 17:58:34.614905 
 dolphin,444,0.0000000,0.0000000,0,0,0,0,20.50,174.93,9.94,94.00, 2019-10-16 , 17:58:35.652563 
 dolphin,444,0.0000000,0.0000000,0,0,0,0,20.00,174.93,9.94,94.00, 2019-10-16 , 17:58:36.690657 
 dolphin,444,0.0000000,0.0000000,0,0,0,0,20.50,174.93,9.94,94.00, 2019-10-16 , 17:58:37.728456 
 dolphin,444,0.0000000,0.0000000,0,0,0,0,20.00,-7.87,9.94,94.00, 2019-10-16 , 17:58:38.766192 
 dolphin,444,0.0000000,0.0000000,0,0,0,0,20.50,357.73,9.94,94.00, 2019-10-16 , 17:58:39.804444 
 dolphin,444,0.0000000,0.0000000,0,0,0,0,20.50,266.33,9.94,94.00, 2019-10-16 , 17:58:40.842492 
 dolphin,444,0.0000000,0.0000000,0,0,0,0,20.50,83.53,9.94,94.00, 2019-10-16 , 17:58:41.880177 
 dolphin,444,0.0000000,0.0000000,0,0,0,0,20.50,174.93,9.94,94.00, 2019-10-16 , 17:58:42.918305 
 dolphin,444,0.0000000,0.0000000,0,0,0,0,20.50,266.33,9.94,94.00, 2019-10-16 , 17:58:43.956249 
 dolphin,444,0.0000000,0.0000000,0,0,0,0,20.50,83.53,9.94,94.00, 2019-10-16 , 17:58:44.994006 
 dolphin,444,0.0000000,0.0000000,0,0,0,0,20.00,266.33,9.94,94.00, 2019-10-16 , 17:58:46.032068 
 dolphin,444,0.0000000,0.0000000,0,0,0,0,20.00,83.53,9.94,94.00, 2019-10-16 , 17:58:47.069791 
 dolphin,444,0.0000000,0.0000000,0,0,0,0,20.50,357.73,9.94,94.00, 2019-10-16 , 17:58:48.108167 
 dolphin,444,0.0000000,0.0000000,0,0,0,0,20.50,83.53,9.94,94.00, 2019-10-16 , 17:58:49.146191 
 dolphin,444,0.0000000,0.0000000,0,0,0,0,20.50,83.53,9.94,94.00, 2019-10-16 , 17:58:50.184749 
 dolphin,444,0.0000000,0.0000000,0,0,0,0,20.50,-7.87,9.94,94.00, 2019-10-16 , 17:58:51.223208 
 dolphin,444,0.0000000,0.0000000,0,0,0,0,20.50,-7.87,9.94,94.00, 2019-10-16 , 17:58:52.262384 
 dolphin,444,0.0000000,0.0000000,0,0,0,0,20.50,174.93,9.94,94.00, 2019-10-16 , 17:58:53.300856 
 dolphin,444,0.0000000,0.0000000,0,0,0,0,20.50,83.53,9.94,94.00, 2019-10-16 , 17:58:54.340321 
 dolphin,444,0.0000000,0.0000000,0,0,0,0,20.50,266.33,9.94,94.00, 2019-10-16 , 17:58:55.379732 
 dolphin,444,0.0000000,0.0000000,0,0,0,0,20.50,-99.27,9.94,94.00, 2019-10-16 , 17:58:56.419392 
 dolphin,444,0.0000000,0.0000000,0,0,0,0,20.50,-7.87,9.94,95.00, 2019-10-16 , 17:58:57.458991 
 dolphin,444,0.0000000,0.0000000,0,0,0,0,20.50,449.13,9.94,94.00, 2019-10-16 , 17:58:58.498658 
 dolphin,444,0.0000000,0.0000000,0,0,0,0,20.50,-7.87,9.94,94.00, 2019-10-16 , 17:58:59.538330 
 dolphin,444,0.0000000,0.0000000,0,0,0,0,20.50,266.33,9.94,94.00, 2019-10-16 , 17:59:00.578022 
 dolphin,444,0.0000000,0.0000000,0,0,0,0,20.50,-7.87,9.94,94.00, 2019-10-16 , 17:59:01.617779 
 dolphin,444,0.0000000,0.0000000,0,0,0,0,20.50,-7.87,9.94,94.00, 2019-10-16 , 17:59:02.657590 
 dolphin,444,0.0000000,0.0000000,0,0,0,0,20.00,449.13,9.94,94.00, 2019-10-16 , 17:59:03.697349 
 dolphin,444,0.0000000,0.0000000,0,0,0,0,20.50,266.33,9.94,94.00, 2019-10-16 , 17:59:04.737283 
 dolphin,444,0.0000000,0.0000000,0,0,0,0,20.50,-99.27,9.94,94.00, 2019-10-16 , 17:59:05.776699 
 dolphin,444,0.0000000,0.0000000,0,0,0,0,20.50,83.53,9.94,94.00, 2019-10-16 , 17:59:06.815774 
 dolphin,444,0.0000000,0.0000000,0,0,0,0,20.50,174.93,9.95,94.00, 2019-10-16 , 17:59:07.855103 
 dolphin,444,0.0000000,0.0000000,0,0,0,0,20.50,174.93,9.98,94.00, 2019-10-16 , 17:59:08.893829 
 dolphin,444,0.0000000,0.0000000,0,0,0,0,20.50,-99.27,9.96,94.00, 2019-10-16 , 17:59:09.932972 
 dolphin,444,0.0000000,0.0000000,0,0,0,0,20.50,266.33,9.97,94.00, 2019-10-16 , 17:59:10.972098 
 dolphin,444,0.0000000,0.0000000,0,0,0,0,20.50,174.93,9.94,94.00, 2019-10-16 , 17:59:12.011053 
 dolphin,444,0.0000000,0.0000000,0,0,0,0,20.50,357.73,9.96,94.00, 2019-10-16 , 17:59:13.050143 
 dolphin,444,0.0000000,0.0000000,0,0,0,0,20.50,174.93,9.94,94.00, 2019-10-16 , 17:59:14.089430 
 dolphin,444,0.0000000,0.0000000,0,0,0,0,20.00,-190.67,9.92,94.00, 2019-10-16 , 17:59:15.128166 
 dolphin,444,0.0000000,0.0000000,0,0,0,0,20.50,174.93,9.93,94.00, 2019-10-16 , 17:59:16.167270 
 dolphin,444,0.0000000,0.0000000,0,0,0,0,20.50,266.33,9.94,94.00, 2019-10-16 , 17:59:17.205823 
 dolphin,444,0.0000000,0.0000000,0,0,0,0,20.50,174.93,9.94,94.00, 2019-10-16 , 17:59:18.246056 
 dolphin,444,0.0000000,0.0000000,0,0,0,0,20.00,-99.27,9.94,94.00, 2019-10-16 , 17:59:19.285581 
 dolphin,444,0.0000000,0.0000000,0,0,0,0,20.50,357.73,9.94,94.00, 2019-10-16 , 17:59:20.325578 
 dolphin,444,0.0000000,0.0000000,0,0,0,0,20.50,-99.27,9.94,94.00, 2019-10-16 , 17:59:21.365139 
 dolphin,444,0.0000000,0.0000000,0,0,0,0,20.50,357.73,9.94,94.00, 2019-10-16 , 17:59:22.404678 
 dolphin,444,0.0000000,0.0000000,0,0,0,0,20.50,266.33,9.95,95.00, 2019-10-16 , 17:59:23.443723 
 dolphin,444,0.0000000,0.0000000,0,0,0,0,20.50,174.93,9.94,95.00, 2019-10-16 , 17:59:24.479378 
 dolphin,444,0.0000000,0.0000000,0,0,0,0,20.00,83.53,9.95,95.00, 2019-10-16 , 17:59:25.513602 
 dolphin,444,0.0000000,0.0000000,0,0,0,0,20.50,357.73,9.94,95.00, 2019-10-16 , 17:59:26.548674 
 dolphin,444,0.0000000,0.0000000,0,0,0,0,20.50,266.33,9.95,95.00, 2019-10-16 , 17:59:27.583227 
 dolphin,444,0.0000000,0.0000000,0,0,0,0,20.00,174.93,9.94,95.00, 2019-10-16 , 17:59:28.618161 
 dolphin,444,0.0000000,0.0000000,0,0,0,0,20.50,266.33,9.94,94.00, 2019-10-16 , 17:59:29.653140 
 dolphin,444,0.0000000,0.0000000,0,0,0,0,20.50,174.93,9.95,95.00, 2019-10-16 , 17:59:30.688258 
 dolphin,444,0.0000000,0.0000000,0,0,0,0,20.50,83.53,9.95,94.00, 2019-10-16 , 17:59:31.724788 
 dolphin,444,0.0000000,0.0000000,0,0,0,0,20.50,357.73,9.95,94.00, 2019-10-16 , 17:59:32.764895 
 dolphin,444,0.0000000,0.0000000,0,0,0,0,20.50,-99.27,9.94,94.00, 2019-10-16 , 17:59:33.804865 
 dolphin,444,0.0000000,0.0000000,0,0,0,0,20.50,174.93,9.94,94.00, 2019-10-16 , 17:59:34.844596 
 dolphin,444,0.0000000,0.0000000,0,0,0,0,20.50,174.93,9.95,94.00, 2019-10-16 , 17:59:35.884817 
 dolphin,444,0.0000000,0.0000000,0,0,0,0,20.50,174.93,9.95,94.00, 2019-10-16 , 17:59:36.924390 
 dolphin,444,0.0000000,0.0000000,0,0,0,0,20.50,266.33,9.95,94.00, 2019-10-16 , 17:59:37.964149 
 dolphin,444,0.0000000,0.0000000,0,0,0,0,20.50,174.93,9.94,94.00, 2019-10-16 , 17:59:39.004055 
 dolphin,444,0.0000000,0.0000000,0,0,0,0,20.50,83.53,9.95,95.00, 2019-10-16 , 17:59:40.041535 
 dolphin,444,0.0000000,0.0000000,0,0,0,0,20.50,266.33,9.95,95.00, 2019-10-16 , 17:59:41.076297 
 dolphin,444,0.0000000,0.0000000,0,0,0,0,20.50,-99.27,9.95,95.00, 2019-10-16 , 17:59:42.110916 
 dolphin,444,0.0000000,0.0000000,0,0,0,0,20.50,266.33,9.95,95.00, 2019-10-16 , 17:59:43.145239 
 dolphin,444,0.0000000,0.0000000,0,0,0,0,20.50,-99.27,9.95,95.00, 2019-10-16 , 17:59:44.179791 
 dolphin,444,0.0000000,0.0000000,0,0,0,0,20.50,-99.27,9.95,95.00, 2019-10-16 , 17:59:45.214658 
 dolphin,444,0.0000000,0.0000000,0,0,0,0,20.50,357.73,9.95,95.00, 2019-10-16 , 17:59:46.249539 
 dolphin,444,0.0000000,0.0000000,0,0,0,0,20.50,174.93,9.95,95.00, 2019-10-16 , 17:59:47.284185 
 dolphin,444,0.0000000,0.0000000,0,0,0,0,20.50,357.73,9.95,94.00, 2019-10-16 , 17:59:48.319117 
 dolphin,444,0.0000000,0.0000000,0,0,0,0,20.00,449.13,9.95,94.00, 2019-10-16 , 17:59:49.354082 
 dolphin,444,0.0000000,0.0000000,0,0,0,0,20.00,-190.67,9.94,94.00, 2019-10-16 , 17:59:50.390031 
 dolphin,444,0.0000000,0.0000000,0,0,0,0,20.50,-7.87,9.96,94.00, 2019-10-16 , 17:59:51.428767 
 dolphin,444,0.0000000,0.0000000,0,0,0,0,20.50,266.33,9.97,95.00, 2019-10-16 , 17:59:52.466194 
 dolphin,444,0.0000000,0.0000000,0,0,0,0,20.50,357.73,9.96,95.00, 2019-10-16 , 17:59:53.502713 
 dolphin,444,0.0000000,0.0000000,0,0,0,0,20.50,266.33,9.95,94.00, 2019-10-16 , 17:59:54.539611 
 dolphin,444,0.0000000,0.0000000,0,0,0,0,20.50,-190.67,9.96,93.00, 2019-10-16 , 17:59:55.580278 
 dolphin,444,0.0000000,0.0000000,0,0,0,0,20.50,174.93,9.95,88.00, 2019-10-16 , 17:59:56.645607 
 dolphin,444,0.0000000,0.0000000,0,0,0,0,20.50,357.73,9.96,88.00, 2019-10-16 , 17:59:57.727645 
 dolphin,444,0.0000000,0.0000000,0,0,0,0,20.50,174.93,9.95,88.00, 2019-10-16 , 17:59:58.808362 
 dolphin,444,0.0000000,0.0000000,0,0,0,0,20.50,266.33,9.96,89.00, 2019-10-16 , 17:59:59.884301 
 dolphin,444,0.0000000,0.0000000,0,0,0,0,20.00,-99.27,9.96,88.00, 2019-10-16 , 18:00:00.959075 
 dolphin,444,0.0000000,0.0000000,0,0,0,0,20.50,357.73,9.96,88.00, 2019-10-16 , 18:00:02.039064 
 dolphin,444,0.0000000,0.0000000,0,0,0,0,20.50,174.93,9.97,88.00, 2019-10-16 , 18:00:03.121799 
 dolphin,444,0.0000000,0.0000000,0,0,0,0,20.50,83.53,9.97,90.00, 2019-10-16 , 18:00:04.192802 
 dolphin,444,0.0000000,0.0000000,0,0,0,0,20.50,174.93,9.97,91.00, 2019-10-16 , 18:00:05.258907 
 dolphin,444,0.0000000,0.0000000,0,0,0,0,20.50,357.73,9.97,92.00, 2019-10-16 , 18:00:06.315122 
 dolphin,444,0.0000000,0.0000000,0,0,0,0,20.50,-7.87,9.97,90.00, 2019-10-16 , 18:00:07.377148 
 dolphin,444,0.0000000,0.0000000,0,0,0,0,20.50,266.33,9.97,92.00, 2019-10-16 , 18:00:08.435109 
 dolphin,444,0.0000000,0.0000000,0,0,0,0,20.50,266.33,9.97,89.00, 2019-10-16 , 18:00:09.502195 
 dolphin,444,0.0000000,0.0000000,0,0,0,0,20.50,-99.27,9.98,89.00, 2019-10-16 , 18:00:10.575017 
 dolphin,444,0.0000000,0.0000000,0,0,0,0,20.50,357.73,9.98,91.00, 2019-10-16 , 18:00:11.639559 
 dolphin,444,0.0000000,0.0000000,0,0,0,0,20.00,174.93,9.98,91.00, 2019-10-16 , 18:00:12.702381 
 dolphin,444,0.0000000,0.0000000,0,0,0,0,20.50,357.73,9.98,91.00, 2019-10-16 , 18:00:13.763372 
 dolphin,444,0.0000000,0.0000000,0,0,0,0,20.50,-99.27,9.98,91.00, 2019-10-16 , 18:00:14.826404 
 dolphin,444,0.0000000,0.0000000,0,0,0,0,20.50,83.53,0.80,90.00, 2019-10-16 , 18:00:15.890086 
 dolphin,444,0.0000000,0.0000000,0,0,0,0,20.50,174.93,0.80,90.00, 2019-10-16 , 18:00:16.953797 
 dolphin,444,0.0000000,0.0000000,0,0,0,0,20.50,174.93,9.97,92.00, 2019-10-16 , 18:00:18.012522 
 dolphin,444,0.0000000,0.0000000,0,0,0,0,20.50,83.53,9.98,92.00, 2019-10-16 , 18:00:19.068956 
 dolphin,444,0.0000000,0.0000000,0,0,0,0,20.50,357.73,9.98,91.00, 2019-10-16 , 18:00:20.122476 
 dolphin,444,0.0000000,0.0000000,0,0,0,0,20.00,449.13,9.97,90.00, 2019-10-16 , 18:00:21.203811 
 dolphin,444,0.0000000,0.0000000,0,0,0,0,20.50,266.33,9.94,93.00, 2019-10-16 , 18:00:22.250446 
 dolphin,444,0.0000000,0.0000000,0,0,0,0,20.50,449.13,9.97,93.00, 2019-10-16 , 18:00:23.293402 
 dolphin,444,0.0000000,0.0000000,0,0,0,0,20.50,266.33,9.97,91.00, 2019-10-16 , 18:00:24.339092 
 dolphin,444,0.0000000,0.0000000,0,0,0,0,20.50,357.73,9.98,93.00, 2019-10-16 , 18:00:25.390170 
 dolphin,444,0.0000000,0.0000000,0,0,0,0,20.50,357.73,9.98,88.00, 2019-10-16 , 18:00:26.452557 
 dolphin,444,0.0000000,0.0000000,0,0,0,0,20.00,-190.67,9.98,92.00, 2019-10-16 , 18:00:27.532287 
 dolphin,444,0.0000000,0.0000000,0,0,0,0,20.50,-7.87,9.98,94.00, 2019-10-16 , 18:00:28.570791 
 dolphin,444,0.0000000,0.0000000,0,0,0,0,20.50,-190.67,9.98,94.00, 2019-10-16 , 18:00:29.607389 
 dolphin,444,0.0000000,0.0000000,0,0,0,0,20.50,357.73,9.98,94.00, 2019-10-16 , 18:00:30.643858 
 dolphin,444,0.0000000,0.0000000,0,0,0,0,20.50,266.33,9.98,94.00, 2019-10-16 , 18:00:31.680309 
 dolphin,444,0.0000000,0.0000000,0,0,0,0,20.00,-7.87,9.98,94.00, 2019-10-16 , 18:00:32.716588 
 dolphin,444,0.0000000,0.0000000,0,0,0,0,20.50,266.33,9.98,94.00, 2019-10-16 , 18:00:33.752721 
 dolphin,444,0.0000000,0.0000000,0,0,0,0,20.50,266.33,9.98,94.00, 2019-10-16 , 18:00:34.789225 
 dolphin,444,0.0000000,0.0000000,0,0,0,0,20.50,83.53,9.98,94.00, 2019-10-16 , 18:00:35.825490 
 dolphin,444,0.0000000,0.0000000,0,0,0,0,20.50,266.33,9.98,94.00, 2019-10-16 , 18:00:36.861948 
 dolphin,444,0.0000000,0.0000000,0,0,0,0,20.50,266.33,9.98,94.00, 2019-10-16 , 18:00:37.898512 
 dolphin,444,0.0000000,0.0000000,0,0,0,0,20.50,357.73,9.98,94.00, 2019-10-16 , 18:00:38.934744 
 dolphin,444,0.0000000,0.0000000,0,0,0,0,20.50,-7.87,9.98,94.00, 2019-10-16 , 18:00:39.971462 
 dolphin,444,0.0000000,0.0000000,0,0,0,0,20.50,174.93,9.98,94.00, 2019-10-16 , 18:00:41.007481 
 dolphin,444,0.0000000,0.0000000,0,0,0,0,20.50,174.93,9.98,94.00, 2019-10-16 , 18:00:42.044254 
 dolphin,444,0.0000000,0.0000000,0,0,0,0,20.50,-7.87,9.98,94.00, 2019-10-16 , 18:00:43.080696 
 dolphin,444,0.0000000,0.0000000,0,0,0,0,20.50,266.33,9.98,94.00, 2019-10-16 , 18:00:44.116917 
 dolphin,444,0.0000000,0.0000000,0,0,0,0,20.50,266.33,9.98,94.00, 2019-10-16 , 18:00:45.153186 
 dolphin,444,0.0000000,0.0000000,0,0,0,0,20.50,-99.27,9.98,94.00, 2019-10-16 , 18:00:46.189787 
 dolphin,444,0.0000000,0.0000000,0,0,0,0,20.50,-7.87,9.98,94.00, 2019-10-16 , 18:00:47.226336 
 dolphin,444,0.0000000,0.0000000,0,0,0,0,20.00,-7.87,9.99,89.00, 2019-10-16 , 18:00:48.281066 
 dolphin,444,0.0000000,0.0000000,0,0,0,0,20.50,266.33,9.98,94.00, 2019-10-16 , 18:00:49.322836 
 dolphin,444,0.0000000,0.0000000,0,0,0,0,20.00,-7.87,9.98,94.00, 2019-10-16 , 18:00:50.359087 
 dolphin,444,0.0000000,0.0000000,0,0,0,0,20.50,83.53,9.98,94.00, 2019-10-16 , 18:00:51.395294 
 dolphin,444,0.0000000,0.0000000,0,0,0,0,20.50,174.93,9.98,95.00, 2019-10-16 , 18:00:52.431710 
 dolphin,444,0.0000000,0.0000000,0,0,0,0,20.50,83.53,9.98,95.00, 2019-10-16 , 18:00:53.467866 
 dolphin,444,0.0000000,0.0000000,0,0,0,0,20.50,-99.27,9.98,94.00, 2019-10-16 , 18:00:54.504268 
 dolphin,444,0.0000000,0.0000000,0,0,0,0,20.50,-7.87,9.98,94.00, 2019-10-16 , 18:00:55.539863 
 dolphin,444,0.0000000,0.0000000,0,0,0,0,20.50,83.53,9.98,94.00, 2019-10-16 , 18:00:56.576065 
 dolphin,444,0.0000000,0.0000000,0,0,0,0,20.50,449.13,9.98,94.00, 2019-10-16 , 18:00:58.647720 
 dolphin,444,0.0000000,0.0000000,0,0,0,0,20.00,174.93,9.98,94.00, 2019-10-16 , 18:00:59.683459 
 dolphin,444,0.0000000,0.0000000,0,0,0,0,20.50,83.53,9.98,94.00, 2019-10-16 , 18:01:00.719480 
 dolphin,444,0.0000000,0.0000000,0,0,0,0,20.50,83.53,9.98,94.00, 2019-10-16 , 18:01:01.754638 
 dolphin,444,0.0000000,0.0000000,0,0,0,0,20.00,83.53,9.99,94.00, 2019-10-16 , 18:01:02.790041 
 dolphin,444,0.0000000,0.0000000,0,0,0,0,20.00,174.93,9.99,94.00, 2019-10-16 , 18:01:03.825308 
 dolphin,444,0.0000000,0.0000000,0,0,0,0,20.50,-99.27,9.99,94.00, 2019-10-16 , 18:01:04.860861 
 dolphin,444,0.0000000,0.0000000,0,0,0,0,20.50,357.73,9.99,94.00, 2019-10-16 , 18:01:05.896812 
 dolphin,444,0.0000000,0.0000000,0,0,0,0,20.00,174.93,9.99,94.00, 2019-10-16 , 18:01:06.935507 
 dolphin,444,0.0000000,0.0000000,0,0,0,0,20.50,-190.67,9.99,94.00, 2019-10-16 , 18:01:09.015260 
 dolphin,444,0.0000000,0.0000000,0,0,0,0,20.50,174.93,9.99,94.00, 2019-10-16 , 18:01:10.055514 
 dolphin,444,0.0000000,0.0000000,0,0,0,0,20.00,266.33,9.99,94.00, 2019-10-16 , 18:01:11.095705 
 dolphin,444,0.0000000,0.0000000,0,0,0,0,20.50,-7.87,9.99,94.00, 2019-10-16 , 18:01:12.136101 
 dolphin,444,0.0000000,0.0000000,0,0,0,0,20.50,449.13,9.98,94.00, 2019-10-16 , 18:01:13.176140 
 dolphin,444,0.0000000,0.0000000,0,0,0,0,20.50,174.93,9.98,94.00, 2019-10-16 , 18:01:14.216568 
 dolphin,444,0.0000000,0.0000000,0,0,0,0,20.50,83.53,9.99,94.00, 2019-10-16 , 18:01:15.256980 
 dolphin,444,0.0000000,0.0000000,0,0,0,0,20.50,266.33,9.98,94.00, 2019-10-16 , 18:01:16.297108 
 dolphin,444,0.0000000,0.0000000,0,0,0,0,20.50,357.73,9.99,94.00, 2019-10-16 , 18:01:17.338008 
 dolphin,444,0.0000000,0.0000000,0,0,0,0,20.50,266.33,9.99,94.00, 2019-10-16 , 18:01:18.379261 
 dolphin,444,0.0000000,0.0000000,0,0,0,0,20.50,266.33,9.99,94.00, 2019-10-16 , 18:01:19.419712 
 dolphin,444,0.0000000,0.0000000,0,0,0,0,20.50,174.93,9.98,94.00, 2019-10-16 , 18:01:20.459934 
 dolphin,444,0.0000000,0.0000000,0,0,0,0,20.50,174.93,9.98,94.00, 2019-10-16 , 18:01:21.499673 
 dolphin,444,0.0000000,0.0000000,0,0,0,0,20.00,357.73,9.99,94.00, 2019-10-16 , 18:01:22.539371 
 dolphin,444,0.0000000,0.0000000,0,0,0,0,20.50,174.93,9.99,94.00, 2019-10-16 , 18:01:23.579322 
 dolphin,444,0.0000000,0.0000000,0,0,0,0,20.50,266.33,9.98,94.00, 2019-10-16 , 18:01:24.619200 
 dolphin,444,0.0000000,0.0000000,0,0,0,0,20.50,449.13,9.98,94.00, 2019-10-16 , 18:01:25.658104 
 dolphin,444,0.0000000,0.0000000,0,0,0,0,20.00,-99.27,9.99,94.00, 2019-10-16 , 18:01:26.696532 
 dolphin,444,0.0000000,0.0000000,0,0,0,0,20.50,-99.27,9.98,94.00, 2019-10-16 , 18:01:27.734858 
 dolphin,444,0.0000000,0.0000000,0,0,0,0,20.50,-7.87,9.99,94.00, 2019-10-16 , 18:01:28.773047 
 dolphin,444,0.0000000,0.0000000,0,0,0,0,20.50,-99.27,9.99,94.00, 2019-10-16 , 18:01:29.811315 
 dolphin,444,0.0000000,0.0000000,0,0,0,0,20.50,83.53,9.99,94.00, 2019-10-16 , 18:01:30.849740 
 dolphin,444,0.0000000,0.0000000,0,0,0,0,20.50,449.13,9.99,94.00, 2019-10-16 , 18:01:31.888076 
 dolphin,444,0.0000000,0.0000000,0,0,0,0,20.50,174.93,9.99,94.00, 2019-10-16 , 18:01:32.926474 
 dolphin,444,0.0000000,0.0000000,0,0,0,0,20.50,-7.87,9.99,94.00, 2019-10-16 , 18:01:33.967038 
 dolphin,444,0.0000000,0.0000000,0,0,0,0,20.50,83.53,9.99,94.00, 2019-10-16 , 18:01:35.007910 
 dolphin,444,0.0000000,0.0000000,0,0,0,0,20.50,-99.27,9.99,94.00, 2019-10-16 , 18:01:36.048592 
 dolphin,444,0.0000000,0.0000000,0,0,0,0,20.50,-7.87,9.99,94.00, 2019-10-16 , 18:01:37.089130 
 dolphin,444,0.0000000,0.0000000,0,0,0,0,20.50,-7.87,9.99,94.00, 2019-10-16 , 18:01:38.130079 
 dolphin,444,0.0000000,0.0000000,0,0,0,0,20.50,-7.87,9.99,93.00, 2019-10-16 , 18:01:39.170581 
 dolphin,444,0.0000000,0.0000000,0,0,0,0,20.50,-7.87,9.99,94.00, 2019-10-16 , 18:01:40.211636 
 